cMHCIEnEr,cMHCIEnPm,cMHCIEnRabA,cMHCIEnRabB,cMHCIEnRabC,cMHCIEnRabD,cMHCIEnRabE,cMHCIEnRabF,cMHCIEnRabG,cMHCIEnRabH,cMHCIEnRabI,exCxEnEr,exCxEnPm,exCxEnRabA,exCxEnRabB,exCxEnRabC,exCxEnRabD,exCxEnRabE,exCxEnRabF,exCxEnRabG,exCxEnRabH,exCxEnRabI,FeCyCy,FeEnEr,FeEnPm,FeEnRabA,FeEnRabB,FeEnRabC,FeEnRabD,FeEnRabE,FeEnRabF,FeEnRabG,FeEnRabH,FeEnRabI,imCxEnEr,imCxEnPm,imCxEnRabA,imCxEnRabB,imCxEnRabC,imCxEnRabD,imCxEnRabE,imCxEnRabF,imCxEnRabG,imCxEnRabH,imCxEnRabI,membraneMarkerEr,membraneMarkerPm,membraneMarkerRabA,membraneMarkerRabB,membraneMarkerRabC,membraneMarkerRabD,membraneMarkerRabE,membraneMarkerRabF,membraneMarkerRabG,membraneMarkerRabH,membraneMarkerRabI,mvbEr,mvbPm,mvbRabA,mvbRabB,mvbRabC,mvbRabD,mvbRabE,mvbRabF,mvbRabG,mvbRabH,mvbRabI,oMHCIEnEr,oMHCIEnPm,oMHCIEnRabA,oMHCIEnRabB,oMHCIEnRabC,oMHCIEnRabD,oMHCIEnRabE,oMHCIEnRabF,oMHCIEnRabG,oMHCIEnRabH,oMHCIEnRabI,ovaCyCy,ovaEnEr,ovaEnPm,ovaEnRabA,ovaEnRabB,ovaEnRabC,ovaEnRabD,ovaEnRabE,ovaEnRabF,ovaEnRabG,ovaEnRabH,ovaEnRabI,pepCyCy,pepEnEr,pepEnPm,pepEnRabA,pepEnRabB,pepEnRabC,pepEnRabD,pepEnRabE,pepEnRabF,pepEnRabG,pepEnRabH,pepEnRabI,pepMHCIEnEr,pepMHCIEnPm,pepMHCIEnRabA,pepMHCIEnRabB,pepMHCIEnRabC,pepMHCIEnRabD,pepMHCIEnRabE,pepMHCIEnRabF,pepMHCIEnRabG,pepMHCIEnRabH,pepMHCIEnRabI,protonCyCy,protonEnEr,protonEnPm,protonEnRabA,protonEnRabB,protonEnRabC,protonEnRabD,protonEnRabE,protonEnRabF,protonEnRabG,protonEnRabH,protonEnRabI,R-TfaEnEr,R-TfaEnPm,R-TfaEnRabA,R-TfaEnRabB,R-TfaEnRabC,R-TfaEnRabD,R-TfaEnRabE,R-TfaEnRabF,R-TfaEnRabG,R-TfaEnRabH,R-TfaEnRabI,R-TfEnEr,R-TfEnPm,R-TfEnRabA,R-TfEnRabB,R-TfEnRabC,R-TfEnRabD,R-TfEnRabE,R-TfEnRabF,R-TfEnRabG,R-TfEnRabH,R-TfEnRabI,REnEr,REnPm,REnRabA,REnRabB,REnRabC,REnRabD,REnRabE,REnRabF,REnRabG,REnRabH,REnRabI,solubleMarkerEr,solubleMarkerPm,solubleMarkerRabA,solubleMarkerRabB,solubleMarkerRabC,solubleMarkerRabD,solubleMarkerRabE,solubleMarkerRabF,solubleMarkerRabG,solubleMarkerRabH,solubleMarkerRabI,TfaEnEr,TfaEnPm,TfaEnRabA,TfaEnRabB,TfaEnRabC,TfaEnRabD,TfaEnRabE,TfaEnRabF,TfaEnRabG,TfaEnRabH,TfaEnRabI,TfEnEr,TfEnPm,TfEnRabA,TfEnRabB,TfEnRabC,TfEnRabD,TfEnRabE,TfEnRabF,TfEnRabG,TfEnRabH,TfEnRabI,
0.0,0.0,0.0,0.0,0.0,0.0,0.0,0.0,0.0,0.0,0.0,0.0,0.0,0.0,0.0,0.0,0.0,0.0,0.0,0.0,0.0,0.0,2.8E-6,0.001843,0.0,3.018,1.224,0.01596,1.483E-6,2.881E-4,4.616E-5,0.02024,0.004404,3.998E-4,0.0,0.0,0.0,0.0,0.0,0.0,0.0,0.0,0.0,0.0,0.0,0.0,0.0,0.0,0.0,0.0,0.0,0.0,0.0,0.0,0.0,0.0,2.3E-22,0.0,4.001,0.001848,0.01539,0.0,0.01654,0.008959,0.7643,0.177,0.01462,0.0,0.0,0.0,0.0,0.0,0.0,0.0,0.0,0.0,0.0,0.0,0.0,0.0,0.0,0.0,0.0,0.0,0.0,0.0,0.0,0.0,0.0,0.0,0.0,0.0,0.0,0.0,0.0,0.0,0.0,0.0,0.0,0.0,0.0,0.0,0.0,0.0,0.0,0.0,0.0,0.0,0.0,0.0,0.0,0.0,0.0,1.0E-4,18640.0,9.55E25,5913.0,1243.0,81.54,202600.0,673.0,812.8,12410.0,4072.0,2417.0,0.3167,269.5,55.89,182.2,4.891,3.315,0.08566,0.03388,3.816,1.069,0.3055,0.004054,1647.0,144.8,28.41,0.3864,1.878E-5,3.282E-4,1.074E-4,0.01617,0.004466,7.919E-4,19.42,0.1425,1.561,5.631,5.745,0.3159,0.1259,0.03442,3.74,0.9603,0.2113,0.0,0.0,0.0,0.0,0.0,0.0,0.0,0.0,0.0,0.0,0.0,0.4509,0.0,2.534,0.4256,0.06865,1.096,0.286,0.03892,2.889,0.7679,0.2945,6.57E-6,0.0,7.986E-4,7.32E-5,5.661E-6,1.125E-4,3.659E-6,7.45E-7,3.429E-5,9.464E-6,4.668E-6,
0.0,0.0,0.0,0.0,0.0,0.0,0.0,0.0,0.0,0.0,0.0,0.0,0.0,0.0,0.0,0.0,0.0,0.0,0.0,0.0,0.0,0.0,2.8E-6,0.001843,9.155E-4,3.018,1.224,0.01596,1.483E-6,2.881E-4,4.616E-5,0.02024,0.004404,3.998E-4,0.0,0.0,0.0,0.0,0.0,0.0,0.0,0.0,0.0,0.0,0.0,0.0,0.0,0.0,0.0,0.0,0.0,0.0,0.0,0.0,0.0,0.0,2.3E-22,0.0,4.001,0.001848,0.01539,0.0,0.01654,0.008959,0.7643,0.177,0.01462,0.0,0.0,0.0,0.0,0.0,0.0,0.0,0.0,0.0,0.0,0.0,0.0,0.0,0.0,0.0,0.0,0.0,0.0,0.0,0.0,0.0,0.0,0.0,0.0,0.0,0.0,0.0,0.0,0.0,0.0,0.0,0.0,0.0,0.0,0.0,0.0,0.0,0.0,0.0,0.0,0.0,0.0,0.0,0.0,0.0,0.0,1.0E-4,18640.0,9.551999999999999E25,5913.0,1243.0,81.54,202600.0,673.0,812.8,12410.0,4072.0,2417.0,0.3167,211.9,55.89,182.2,4.891,3.315,0.08566,0.03388,3.816,1.069,0.3055,0.004054,1631.0,144.8,28.41,0.3864,1.878E-5,3.282E-4,1.074E-4,0.01617,0.004466,7.919E-4,19.42,74.11,1.561,5.631,5.745,0.3159,0.1259,0.03442,3.74,0.9603,0.2113,0.0,0.0,0.0,0.0,0.0,0.0,0.0,0.0,0.0,0.0,0.0,0.4509,57.58,2.534,0.4256,0.06865,1.096,0.286,0.03892,2.889,0.7679,0.2945,6.57E-6,16.39,7.986E-4,7.32E-5,5.661E-6,1.125E-4,3.659E-6,7.45E-7,3.429E-5,9.464E-6,4.668E-6,
0.0,0.0,0.0,0.0,0.0,0.0,0.0,0.0,0.0,0.0,0.0,0.0,0.0,0.0,0.0,0.0,0.0,0.0,0.0,0.0,0.0,0.0,2.8E-6,0.001843,0.001822,3.018,1.224,0.01596,1.483E-6,2.881E-4,4.616E-5,0.02024,0.004404,3.998E-4,0.0,0.0,0.0,0.0,0.0,0.0,0.0,0.0,0.0,0.0,0.0,0.0,0.0,0.0,0.0,0.0,0.0,0.0,0.0,0.0,0.0,0.0,2.3E-22,0.0,4.001,0.001848,0.01539,0.0,0.01654,0.008959,0.7643,0.177,0.01462,0.0,0.0,0.0,0.0,0.0,0.0,0.0,0.0,0.0,0.0,0.0,0.0,0.0,0.0,0.0,0.0,0.0,0.0,0.0,0.0,0.0,0.0,0.0,0.0,0.0,0.0,0.0,0.0,0.0,0.0,0.0,0.0,0.0,0.0,0.0,0.0,0.0,0.0,0.0,0.0,0.0,0.0,0.0,0.0,0.0,0.0,1.0E-4,18640.0,9.551999999999999E25,5913.0,1243.0,81.54,202600.0,673.0,812.8,12410.0,4072.0,2417.0,0.3167,166.6,55.89,182.2,4.891,3.315,0.08566,0.03388,3.816,1.069,0.3055,0.004054,1615.0,144.8,28.41,0.3864,1.878E-5,3.282E-4,1.074E-4,0.01617,0.004466,7.919E-4,19.42,135.6,1.561,5.631,5.745,0.3159,0.1259,0.03442,3.74,0.9603,0.2113,0.0,0.0,0.0,0.0,0.0,0.0,0.0,0.0,0.0,0.0,0.0,0.4509,102.9,2.534,0.4256,0.06865,1.096,0.286,0.03892,2.889,0.7679,0.2945,6.57E-6,32.62,7.986E-4,7.32E-5,5.661E-6,1.125E-4,3.659E-6,7.45E-7,3.429E-5,9.464E-6,4.668E-6,
0.0,0.0,0.0,0.0,0.0,0.0,0.0,0.0,0.0,0.0,0.0,0.0,0.0,0.0,0.0,0.0,0.0,0.0,0.0,0.0,0.0,0.0,2.8E-6,0.001843,0.002719,3.018,1.224,0.01596,1.483E-6,2.881E-4,4.616E-5,0.02024,0.004404,3.998E-4,0.0,0.0,0.0,0.0,0.0,0.0,0.0,0.0,0.0,0.0,0.0,0.0,0.0,0.0,0.0,0.0,0.0,0.0,0.0,0.0,0.0,0.0,2.3E-22,0.0,4.001,0.001848,0.01539,0.0,0.01654,0.008959,0.7643,0.177,0.01462,0.0,0.0,0.0,0.0,0.0,0.0,0.0,0.0,0.0,0.0,0.0,0.0,0.0,0.0,0.0,0.0,0.0,0.0,0.0,0.0,0.0,0.0,0.0,0.0,0.0,0.0,0.0,0.0,0.0,0.0,0.0,0.0,0.0,0.0,0.0,0.0,0.0,0.0,0.0,0.0,0.0,0.0,0.0,0.0,0.0,0.0,1.0E-4,18640.0,9.551999999999999E25,5913.0,1243.0,81.54,202600.0,673.0,812.8,12410.0,4072.0,2417.0,0.3167,131.0,55.89,182.2,4.891,3.315,0.08566,0.03388,3.816,1.069,0.3055,0.004054,1598.0,144.8,28.41,0.3864,1.878E-5,3.282E-4,1.074E-4,0.01617,0.004466,7.919E-4,19.42,187.3,1.561,5.631,5.745,0.3159,0.1259,0.03442,3.74,0.9603,0.2113,0.0,0.0,0.0,0.0,0.0,0.0,0.0,0.0,0.0,0.0,0.0,0.4509,138.5,2.534,0.4256,0.06865,1.096,0.286,0.03892,2.889,0.7679,0.2945,6.57E-6,48.68,7.986E-4,7.32E-5,5.661E-6,1.125E-4,3.659E-6,7.45E-7,3.429E-5,9.464E-6,4.668E-6,
0.0,0.0,0.0,0.0,0.0,0.0,0.0,0.0,0.0,0.0,0.0,0.0,0.0,0.0,0.0,0.0,0.0,0.0,0.0,0.0,0.0,0.0,2.8E-6,0.001843,0.00346,3.018,1.224,0.01596,1.483E-6,2.881E-4,4.616E-5,0.02024,0.004404,3.998E-4,0.0,0.0,0.0,0.0,0.0,0.0,0.0,0.0,0.0,0.0,0.0,0.0,0.0,0.0,0.0,0.0,0.0,0.0,0.0,0.0,0.0,0.0,2.3E-22,0.0,4.001,0.001848,0.01539,0.0,0.01654,0.008959,0.7643,0.177,0.01462,0.0,0.0,0.0,0.0,0.0,0.0,0.0,0.0,0.0,0.0,0.0,0.0,0.0,0.0,0.0,0.0,0.0,0.0,0.0,0.0,0.0,0.0,0.0,0.0,0.0,0.0,0.0,0.0,0.0,0.0,0.0,0.0,0.0,0.0,0.0,0.0,0.0,0.0,0.0,0.0,0.0,0.0,0.0,0.0,0.0,0.0,1.0E-4,18640.0,9.551999999999999E25,5913.0,1243.0,81.54,202600.0,673.0,812.8,12410.0,4072.0,2417.0,0.3167,107.3,55.89,182.2,4.891,3.315,0.08566,0.03388,3.816,1.069,0.3055,0.004054,1585.0,144.8,28.41,0.3864,1.878E-5,3.282E-4,1.074E-4,0.01617,0.004466,7.919E-4,19.42,224.3,1.561,5.631,5.745,0.3159,0.1259,0.03442,3.74,0.9603,0.2113,0.0,0.0,0.0,0.0,0.0,0.0,0.0,0.0,0.0,0.0,0.0,0.4509,162.2,2.534,0.4256,0.06865,1.096,0.286,0.03892,2.889,0.7679,0.2945,6.57E-6,61.94,7.986E-4,7.32E-5,5.661E-6,1.125E-4,3.659E-6,7.45E-7,3.429E-5,9.464E-6,4.668E-6,
0.0,0.0,0.0,0.0,0.0,0.0,0.0,0.0,0.0,0.0,0.0,0.0,0.0,0.0,0.0,0.0,0.0,0.0,0.0,0.0,0.0,0.0,2.8E-6,0.001843,0.004341,3.018,1.224,0.01596,1.483E-6,2.881E-4,4.616E-5,0.02024,0.004404,3.998E-4,0.0,0.0,0.0,0.0,0.0,0.0,0.0,0.0,0.0,0.0,0.0,0.0,0.0,0.0,0.0,0.0,0.0,0.0,0.0,0.0,0.0,0.0,2.3E-22,0.0,4.001,0.001848,0.01539,0.0,0.01654,0.008959,0.7643,0.177,0.01462,0.0,0.0,0.0,0.0,0.0,0.0,0.0,0.0,0.0,0.0,0.0,0.0,0.0,0.0,0.0,0.0,0.0,0.0,0.0,0.0,0.0,0.0,0.0,0.0,0.0,0.0,0.0,0.0,0.0,0.0,0.0,0.0,0.0,0.0,0.0,0.0,0.0,0.0,0.0,0.0,0.0,0.0,0.0,0.0,0.0,0.0,1.0E-4,18640.0,9.551999999999999E25,5913.0,1243.0,81.54,202600.0,673.0,812.8,12410.0,4072.0,2417.0,0.3167,84.34,55.89,182.2,4.891,3.315,0.08566,0.03388,3.816,1.069,0.3055,0.004054,1569.0,144.8,28.41,0.3864,1.878E-5,3.282E-4,1.074E-4,0.01617,0.004466,7.919E-4,19.42,263.0,1.561,5.631,5.745,0.3159,0.1259,0.03442,3.74,0.9603,0.2113,0.0,0.0,0.0,0.0,0.0,0.0,0.0,0.0,0.0,0.0,0.0,0.4509,185.2,2.534,0.4256,0.06865,1.096,0.286,0.03892,2.889,0.7679,0.2945,6.57E-6,77.72,7.986E-4,7.32E-5,5.661E-6,1.125E-4,3.659E-6,7.45E-7,3.429E-5,9.464E-6,4.668E-6,
0.0,0.0,0.0,0.0,0.0,0.0,0.0,0.0,0.0,0.0,0.0,0.0,0.0,0.0,0.0,0.0,0.0,0.0,0.0,0.0,0.0,0.0,2.8E-6,0.001843,0.005213,3.018,1.224,0.01596,1.483E-6,2.881E-4,4.616E-5,0.02024,0.004404,3.998E-4,0.0,0.0,0.0,0.0,0.0,0.0,0.0,0.0,0.0,0.0,0.0,0.0,0.0,0.0,0.0,0.0,0.0,0.0,0.0,0.0,0.0,0.0,2.3E-22,0.0,4.001,0.001848,0.01539,0.0,0.01654,0.008959,0.7643,0.177,0.01462,0.0,0.0,0.0,0.0,0.0,0.0,0.0,0.0,0.0,0.0,0.0,0.0,0.0,0.0,0.0,0.0,0.0,0.0,0.0,0.0,0.0,0.0,0.0,0.0,0.0,0.0,0.0,0.0,0.0,0.0,0.0,0.0,0.0,0.0,0.0,0.0,0.0,0.0,0.0,0.0,0.0,0.0,0.0,0.0,0.0,0.0,1.0E-4,18640.0,9.551999999999999E25,5913.0,1243.0,81.54,202600.0,673.0,812.8,12410.0,4072.0,2417.0,0.3167,66.33,55.89,182.2,4.891,3.315,0.08566,0.03388,3.816,1.069,0.3055,0.004054,1554.0,144.8,28.41,0.3864,1.878E-5,3.282E-4,1.074E-4,0.01617,0.004466,7.919E-4,19.42,296.7,1.561,5.631,5.745,0.3159,0.1259,0.03442,3.74,0.9603,0.2113,0.0,0.0,0.0,0.0,0.0,0.0,0.0,0.0,0.0,0.0,0.0,0.4509,203.2,2.534,0.4256,0.06865,1.096,0.286,0.03892,2.889,0.7679,0.2945,6.57E-6,93.33,7.986E-4,7.32E-5,5.661E-6,1.125E-4,3.659E-6,7.45E-7,3.429E-5,9.464E-6,4.668E-6,
0.0,0.0,0.0,0.0,0.0,0.0,0.0,0.0,0.0,0.0,0.0,0.0,0.0,0.0,0.0,0.0,0.0,0.0,0.0,0.0,0.0,0.0,2.8E-6,0.001843,0.00622,3.018,1.224,0.01596,1.483E-6,2.881E-4,4.616E-5,0.02024,0.004404,3.998E-4,0.0,0.0,0.0,0.0,0.0,0.0,0.0,0.0,0.0,0.0,0.0,0.0,0.0,0.0,0.0,0.0,0.0,0.0,0.0,0.0,0.0,0.0,2.3E-22,0.0,4.001,0.001848,0.01539,0.0,0.01654,0.008959,0.7643,0.177,0.01462,0.0,0.0,0.0,0.0,0.0,0.0,0.0,0.0,0.0,0.0,0.0,0.0,0.0,0.0,0.0,0.0,0.0,0.0,0.0,0.0,0.0,0.0,0.0,0.0,0.0,0.0,0.0,0.0,0.0,0.0,0.0,0.0,0.0,0.0,0.0,0.0,0.0,0.0,0.0,0.0,0.0,0.0,0.0,0.0,0.0,0.0,1.0E-4,18640.0,9.551999999999999E25,5913.0,1243.0,81.54,202600.0,673.0,812.8,12410.0,4072.0,2417.0,0.3167,50.11,55.89,182.2,4.891,3.315,0.08566,0.03388,3.816,1.069,0.3055,0.004054,1536.0,144.8,28.41,0.3864,1.878E-5,3.282E-4,1.074E-4,0.01617,0.004466,7.919E-4,19.42,330.9,1.561,5.631,5.745,0.3159,0.1259,0.03442,3.74,0.9603,0.2113,0.0,0.0,0.0,0.0,0.0,0.0,0.0,0.0,0.0,0.0,0.0,0.4509,219.4,2.534,0.4256,0.06865,1.096,0.286,0.03892,2.889,0.7679,0.2945,6.57E-6,111.4,7.986E-4,7.32E-5,5.661E-6,1.125E-4,3.659E-6,7.45E-7,3.429E-5,9.464E-6,4.668E-6,
0.0,0.0,0.0,0.0,0.0,0.0,0.0,0.0,0.0,0.0,0.0,0.0,0.0,0.0,0.0,0.0,0.0,0.0,0.0,0.0,0.0,0.0,2.8E-6,0.001843,0.007074,3.018,1.224,0.01596,1.483E-6,2.881E-4,4.616E-5,0.02024,0.004404,3.998E-4,0.0,0.0,0.0,0.0,0.0,0.0,0.0,0.0,0.0,0.0,0.0,0.0,0.0,0.0,0.0,0.0,0.0,0.0,0.0,0.0,0.0,0.0,2.3E-22,0.0,4.001,0.001848,0.01539,0.0,0.01654,0.008959,0.7643,0.177,0.01462,0.0,0.0,0.0,0.0,0.0,0.0,0.0,0.0,0.0,0.0,0.0,0.0,0.0,0.0,0.0,0.0,0.0,0.0,0.0,0.0,0.0,0.0,0.0,0.0,0.0,0.0,0.0,0.0,0.0,0.0,0.0,0.0,0.0,0.0,0.0,0.0,0.0,0.0,0.0,0.0,0.0,0.0,0.0,0.0,0.0,0.0,1.0E-4,18640.0,9.551999999999999E25,5913.0,1243.0,81.54,202600.0,673.0,812.8,12410.0,4072.0,2417.0,0.3167,39.4,55.89,182.2,4.891,3.315,0.08566,0.03388,3.816,1.069,0.3055,0.004054,1520.0,144.8,28.41,0.3864,1.878E-5,3.282E-4,1.074E-4,0.01617,0.004466,7.919E-4,19.42,356.9,1.561,5.631,5.745,0.3159,0.1259,0.03442,3.74,0.9603,0.2113,0.0,0.0,0.0,0.0,0.0,0.0,0.0,0.0,0.0,0.0,0.0,0.4509,230.1,2.534,0.4256,0.06865,1.096,0.286,0.03892,2.889,0.7679,0.2945,6.57E-6,126.6,7.986E-4,7.32E-5,5.661E-6,1.125E-4,3.659E-6,7.45E-7,3.429E-5,9.464E-6,4.668E-6,
0.0,0.0,0.0,0.0,0.0,0.0,0.0,0.0,0.0,0.0,0.0,0.0,0.0,0.0,0.0,0.0,0.0,0.0,0.0,0.0,0.0,0.0,2.8E-6,0.001843,0.007919,3.018,1.224,0.01596,1.483E-6,2.881E-4,4.616E-5,0.02024,0.004404,3.998E-4,0.0,0.0,0.0,0.0,0.0,0.0,0.0,0.0,0.0,0.0,0.0,0.0,0.0,0.0,0.0,0.0,0.0,0.0,0.0,0.0,0.0,0.0,2.3E-22,0.0,4.001,0.001848,0.01539,0.0,0.01654,0.008959,0.7643,0.177,0.01462,0.0,0.0,0.0,0.0,0.0,0.0,0.0,0.0,0.0,0.0,0.0,0.0,0.0,0.0,0.0,0.0,0.0,0.0,0.0,0.0,0.0,0.0,0.0,0.0,0.0,0.0,0.0,0.0,0.0,0.0,0.0,0.0,0.0,0.0,0.0,0.0,0.0,0.0,0.0,0.0,0.0,0.0,0.0,0.0,0.0,0.0,1.0E-4,18640.0,9.551999999999999E25,5913.0,1243.0,81.54,202600.0,673.0,812.8,12410.0,4072.0,2417.0,0.3167,30.99,55.89,182.2,4.891,3.315,0.08566,0.03388,3.816,1.069,0.3055,0.004054,1505.0,144.8,28.41,0.3864,1.878E-5,3.282E-4,1.074E-4,0.01617,0.004466,7.919E-4,19.42,380.4,1.561,5.631,5.745,0.3159,0.1259,0.03442,3.74,0.9603,0.2113,0.0,0.0,0.0,0.0,0.0,0.0,0.0,0.0,0.0,0.0,0.0,0.4509,238.5,2.534,0.4256,0.06865,1.096,0.286,0.03892,2.889,0.7679,0.2945,6.57E-6,141.8,7.986E-4,7.32E-5,5.661E-6,1.125E-4,3.659E-6,7.45E-7,3.429E-5,9.464E-6,4.668E-6,
0.0,0.0,0.0,0.0,0.0,0.0,0.0,0.0,0.0,0.0,0.0,0.0,0.0,0.0,0.0,0.0,0.0,0.0,0.0,0.0,0.0,0.0,2.8E-6,0.001843,0.008755,3.018,1.224,0.01596,1.483E-6,2.881E-4,4.616E-5,0.02024,0.004404,3.998E-4,0.0,0.0,0.0,0.0,0.0,0.0,0.0,0.0,0.0,0.0,0.0,0.0,0.0,0.0,0.0,0.0,0.0,0.0,0.0,0.0,0.0,0.0,2.3E-22,0.0,4.001,0.001848,0.01539,0.0,0.01654,0.008959,0.7643,0.177,0.01462,0.0,0.0,0.0,0.0,0.0,0.0,0.0,0.0,0.0,0.0,0.0,0.0,0.0,0.0,0.0,0.0,0.0,0.0,0.0,0.0,0.0,0.0,0.0,0.0,0.0,0.0,0.0,0.0,0.0,0.0,0.0,0.0,0.0,0.0,0.0,0.0,0.0,0.0,0.0,0.0,0.0,0.0,0.0,0.0,0.0,0.0,1.0E-4,18640.0,9.551999999999999E25,5913.0,1243.0,81.54,202600.0,673.0,812.8,12410.0,4072.0,2417.0,0.3167,24.37,55.89,182.2,4.891,3.315,0.08566,0.03388,3.816,1.069,0.3055,0.004054,1490.0,144.8,28.41,0.3864,1.878E-5,3.282E-4,1.074E-4,0.01617,0.004466,7.919E-4,19.42,402.0,1.561,5.631,5.745,0.3159,0.1259,0.03442,3.74,0.9603,0.2113,0.0,0.0,0.0,0.0,0.0,0.0,0.0,0.0,0.0,0.0,0.0,0.4509,245.1,2.534,0.4256,0.06865,1.096,0.286,0.03892,2.889,0.7679,0.2945,6.57E-6,156.7,7.986E-4,7.32E-5,5.661E-6,1.125E-4,3.659E-6,7.45E-7,3.429E-5,9.464E-6,4.668E-6,
