entropy,entropyInd,RabA,RabB,RabC,RabD,RabE,RabF,RabG,RabH,RabI,RabL,xER,xPM,
1.432,0.2525,0.03183,0.01782,0.01698,0.04082,0.01259,0.004328,0.003862,0.03009,0.01643,0.01005,0.4076,0.4076,
1.432,0.2566,0.03212,0.0178,0.01698,0.04053,0.01249,0.004328,0.003863,0.03009,0.01668,0.009861,0.4077,0.4076,
1.43,0.2522,0.03212,0.01779,0.01687,0.0404,0.01248,0.004329,0.003863,0.0301,0.01669,0.009584,0.4078,0.408,
1.429,0.257,0.03209,0.01777,0.01687,0.0403,0.01234,0.004329,0.003864,0.0301,0.01669,0.009581,0.4078,0.4082,
1.428,0.2579,0.03205,0.01773,0.01687,0.04026,0.01224,0.004329,0.003865,0.03011,0.01669,0.009411,0.4079,0.4086,
1.43,0.2574,0.03285,0.01768,0.01686,0.04007,0.01214,0.004329,0.003865,0.03011,0.01695,0.009412,0.4079,0.4078,
1.429,0.247,0.03278,0.01765,0.01684,0.03995,0.01214,0.00433,0.003866,0.03012,0.01696,0.009264,0.408,0.4081,
1.431,0.2498,0.033,0.01761,0.01675,0.03983,0.01213,0.004327,0.003863,0.0301,0.01781,0.009087,0.4077,0.4078,
1.429,0.2519,0.03298,0.01758,0.01675,0.03973,0.01188,0.004317,0.003864,0.0301,0.01781,0.009089,0.4078,0.4081,
1.429,0.2504,0.03298,0.01756,0.01675,0.03953,0.01178,0.004318,0.003865,0.03011,0.01782,0.009091,0.4079,0.4083,
1.428,0.2564,0.03296,0.0175,0.01674,0.03941,0.01179,0.00432,0.003866,0.03012,0.01782,0.009042,0.408,0.4084,
1.427,0.2483,0.03293,0.01748,0.01675,0.03931,0.0117,0.004319,0.003866,0.03012,0.01782,0.009039,0.4081,0.4086,
1.426,0.248,0.03291,0.01745,0.01674,0.03924,0.0116,0.00432,0.003867,0.03013,0.01783,0.008989,0.4081,0.4088,
1.431,0.2277,0.03366,0.0174,0.01672,0.03901,0.01159,0.004316,0.003863,0.0301,0.01907,0.008865,0.4077,0.4077,
1.43,0.2272,0.03361,0.01736,0.01667,0.03889,0.01159,0.004317,0.003864,0.03011,0.01908,0.008752,0.4078,0.4079,
1.429,0.2401,0.03357,0.01735,0.01667,0.03878,0.01159,0.004318,0.003865,0.03011,0.01908,0.008754,0.4079,0.408,
1.431,0.2427,0.03412,0.01732,0.01666,0.03853,0.01154,0.004317,0.003864,0.03011,0.01948,0.008753,0.4079,0.4074,
1.431,0.2414,0.03394,0.01725,0.01654,0.03839,0.01154,0.004317,0.003864,0.03011,0.01991,0.008751,0.4079,0.4075,
1.43,0.2441,0.03386,0.01719,0.01654,0.03823,0.01145,0.004318,0.003865,0.03012,0.01991,0.008752,0.408,0.4077,
1.429,0.225,0.03382,0.01716,0.01654,0.03815,0.01136,0.004319,0.003866,0.03012,0.01992,0.008748,0.4081,0.4079,
1.428,0.2286,0.03373,0.01714,0.01655,0.03801,0.01129,0.00432,0.003867,0.03013,0.01992,0.00875,0.4082,0.4081,
1.428,0.2364,0.03373,0.0171,0.01654,0.03801,0.0112,0.00432,0.003867,0.03013,0.02002,0.008751,0.4082,0.4081,
1.428,0.2434,0.03372,0.01709,0.01653,0.03801,0.0112,0.00432,0.003867,0.03013,0.02002,0.008751,0.4082,0.4081,
1.428,0.2325,0.03368,0.01709,0.01654,0.03787,0.0112,0.004321,0.003868,0.03014,0.02003,0.008752,0.4083,0.4082,
1.428,0.2446,0.03363,0.01705,0.01653,0.03774,0.0112,0.00432,0.003867,0.03013,0.02046,0.00875,0.4082,0.4081,
1.43,0.2442,0.03396,0.01702,0.01626,0.0377,0.01109,0.004316,0.003864,0.03011,0.02127,0.008692,0.4079,0.4078,
1.431,0.2598,0.03389,0.01695,0.01624,0.03759,0.01108,0.004315,0.003863,0.0301,0.0218,0.008688,0.4078,0.4077,
1.43,0.2189,0.03386,0.01694,0.01622,0.03755,0.01109,0.004315,0.003863,0.0301,0.0218,0.008684,0.4078,0.4077,
1.43,0.2232,0.03376,0.01692,0.01614,0.03752,0.01109,0.004316,0.003864,0.03011,0.02181,0.008686,0.4079,0.4079,
1.429,0.2248,0.03368,0.01687,0.01613,0.03748,0.01109,0.004317,0.003865,0.03012,0.02181,0.008687,0.408,0.408,
1.428,0.2331,0.03357,0.0168,0.01613,0.03745,0.01095,0.004318,0.003866,0.03012,0.02182,0.008683,0.4081,0.4082,
1.429,0.2389,0.03318,0.01674,0.01608,0.03752,0.01005,0.004305,0.007166,0.02688,0.02176,0.008654,0.4081,0.4095,
1.432,0.1999,0.03437,0.01669,0.01608,0.03748,0.01005,0.004306,0.007167,0.02689,0.02192,0.008652,0.4082,0.4082,
1.431,0.2181,0.03396,0.01686,0.01608,0.03748,0.009915,0.004306,0.007223,0.02703,0.02156,0.008603,0.4083,0.4086,
1.429,0.2203,0.03355,0.01683,0.01609,0.03759,0.009598,0.004286,0.007285,0.02713,0.02141,0.008604,0.4084,0.4092,
1.428,0.2083,0.03298,0.01692,0.0161,0.03779,0.009513,0.004286,0.007348,0.02728,0.0212,0.008603,0.4085,0.4095,
1.43,0.2191,0.03387,0.0169,0.01611,0.03777,0.009402,0.004244,0.007349,0.02729,0.02127,0.008604,0.4086,0.4086,
1.431,0.2132,0.03387,0.01688,0.0161,0.03775,0.009398,0.004243,0.007346,0.02728,0.02184,0.008601,0.4084,0.4083,
1.429,0.212,0.03361,0.0168,0.01613,0.03783,0.009083,0.004243,0.00738,0.02725,0.02185,0.008602,0.4084,0.4088,
1.427,0.212,0.03335,0.01684,0.01602,0.03778,0.008939,0.004233,0.007368,0.02724,0.02177,0.008604,0.4085,0.4093,
1.427,0.2127,0.03307,0.01687,0.01602,0.03789,0.008982,0.004193,0.007369,0.0274,0.02161,0.008606,0.4086,0.4094,
1.427,0.2115,0.03284,0.01694,0.01604,0.0379,0.008983,0.004194,0.007412,0.02736,0.02161,0.008607,0.4087,0.4094,
1.43,0.2159,0.03386,0.01693,0.01603,0.03789,0.00902,0.004248,0.007317,0.02743,0.02181,0.008605,0.4086,0.4083,
1.428,0.2203,0.0334,0.01721,0.01583,0.03785,0.008882,0.00428,0.007347,0.02784,0.02133,0.008606,0.4086,0.4088,
1.428,0.2158,0.0332,0.01718,0.01586,0.03792,0.008924,0.00424,0.007348,0.02794,0.02123,0.008607,0.4087,0.4089,
1.427,0.2257,0.03319,0.01712,0.0159,0.03779,0.008969,0.004201,0.007352,0.02829,0.02067,0.008611,0.4089,0.409,
1.43,0.2202,0.03366,0.01701,0.01572,0.03778,0.008961,0.004197,0.007345,0.02826,0.02165,0.008604,0.4085,0.4083,
1.429,0.2118,0.03377,0.017,0.01572,0.03772,0.008688,0.004198,0.007346,0.02827,0.02169,0.008605,0.4086,0.4084,
1.43,0.209,0.03367,0.01694,0.01555,0.03767,0.00862,0.004166,0.007344,0.0283,0.02233,0.0086,0.4085,0.4083,
1.428,0.2094,0.03356,0.01693,0.01556,0.03767,0.008461,0.004126,0.007345,0.02838,0.02226,0.008601,0.4085,0.4086,
1.43,0.205,0.03328,0.01703,0.01555,0.03792,0.008456,0.004123,0.00734,0.02885,0.02245,0.008596,0.4083,0.4081,
1.429,0.2071,0.03302,0.01699,0.01556,0.03789,0.008318,0.004125,0.007573,0.0287,0.02233,0.0086,0.4084,0.4085,
1.431,0.2232,0.03331,0.01697,0.01558,0.03794,0.008192,0.004114,0.007559,0.02963,0.02206,0.008595,0.4082,0.4079,
1.431,0.2245,0.03308,0.01706,0.01561,0.03776,0.008233,0.004073,0.007558,0.02984,0.02219,0.008594,0.4082,0.4078,
1.43,0.2199,0.03294,0.01704,0.0156,0.0377,0.008155,0.004074,0.00756,0.03042,0.02153,0.008594,0.4083,0.4081,
1.429,0.232,0.0327,0.0171,0.01561,0.03767,0.008157,0.004075,0.007562,0.03051,0.02135,0.008596,0.4084,0.4083,
1.427,0.2214,0.03235,0.01708,0.01551,0.03754,0.007936,0.004033,0.007564,0.0306,0.02127,0.008598,0.4085,0.409,
1.426,0.2394,0.03205,0.01718,0.01552,0.03754,0.007849,0.004142,0.007515,0.03062,0.02119,0.008599,0.4085,0.4093,
1.428,0.2209,0.03259,0.01729,0.01552,0.03759,0.00785,0.004194,0.007463,0.03076,0.02122,0.008599,0.4085,0.4084,
1.425,0.2313,0.03229,0.01722,0.0156,0.03768,0.007656,0.004198,0.00747,0.03095,0.02029,0.008607,0.4089,0.4091,
1.425,0.2244,0.03221,0.01723,0.01564,0.03769,0.007657,0.004198,0.007512,0.03107,0.02013,0.008607,0.4089,0.4091,
1.422,0.2344,0.03203,0.01717,0.01566,0.0377,0.007432,0.004111,0.007503,0.03107,0.01984,0.008611,0.4091,0.4097,
1.426,0.2298,0.03264,0.01719,0.01566,0.03762,0.007425,0.004148,0.007455,0.03104,0.02084,0.008603,0.4087,0.4086,
1.426,0.2203,0.03263,0.01713,0.01567,0.03763,0.007407,0.004156,0.007414,0.03122,0.02066,0.008604,0.4088,0.4087,
1.424,0.2299,0.03228,0.01698,0.01566,0.03756,0.007394,0.004117,0.00745,0.03132,0.02037,0.008607,0.409,0.4093,
1.42,0.2379,0.0316,0.01695,0.01565,0.03775,0.007057,0.00415,0.007413,0.03152,0.02,0.008612,0.4092,0.4101,
1.419,0.2416,0.03118,0.01684,0.01561,0.03804,0.007057,0.004151,0.007457,0.03157,0.01975,0.008613,0.4094,0.4104,
1.421,0.2437,0.03227,0.0169,0.01547,0.03801,0.006915,0.004275,0.007376,0.03159,0.01975,0.008614,0.4094,0.4094,
1.419,0.2331,0.03161,0.01641,0.01544,0.03788,0.00677,0.004223,0.007372,0.03171,0.02023,0.00861,0.4092,0.4105,
1.422,0.224,0.03302,0.01631,0.01537,0.03788,0.00681,0.004223,0.007496,0.03162,0.02023,0.008608,0.4093,0.4091,
1.419,0.2131,0.03287,0.0163,0.01539,0.03785,0.008837,0.002151,0.00761,0.03153,0.01986,0.008612,0.4095,0.4095,
1.42,0.2187,0.03281,0.01632,0.01542,0.0378,0.008831,0.002149,0.007691,0.03165,0.02,0.008611,0.4094,0.4093,
1.421,0.2179,0.03247,0.01649,0.01541,0.03765,0.008775,0.002189,0.007892,0.03139,0.02079,0.008606,0.4092,0.4091,
1.421,0.2261,0.03222,0.01658,0.01542,0.03767,0.008776,0.002231,0.007935,0.03139,0.02072,0.008607,0.4093,0.4092,
1.42,0.2281,0.03196,0.01657,0.01542,0.03772,0.008632,0.00219,0.007937,0.03162,0.0205,0.008609,0.4094,0.4095,
1.42,0.2262,0.03209,0.01654,0.01544,0.03767,0.008544,0.00219,0.008019,0.03169,0.02059,0.008609,0.4093,0.4093,
1.42,0.2338,0.03186,0.01642,0.01548,0.03767,0.008462,0.002231,0.007977,0.03225,0.02031,0.008609,0.4093,0.4094,
1.419,0.2341,0.03165,0.01644,0.01553,0.03769,0.008465,0.002232,0.00798,0.03248,0.01979,0.008612,0.4095,0.4096,
1.416,0.2079,0.03155,0.01642,0.01554,0.0377,0.008039,0.002231,0.007981,0.03266,0.01936,0.008604,0.4097,0.4103,
1.42,0.2071,0.03234,0.01634,0.01554,0.03753,0.008031,0.002229,0.007975,0.03274,0.02028,0.008597,0.4093,0.4091,
1.421,0.212,0.03172,0.01677,0.01554,0.03762,0.007944,0.00227,0.007932,0.03282,0.02049,0.008595,0.4092,0.4091,
1.418,0.2178,0.03149,0.01677,0.01557,0.0376,0.007456,0.002271,0.007975,0.03294,0.02026,0.008598,0.4094,0.4097,
1.417,0.2276,0.03126,0.01687,0.01559,0.03764,0.007457,0.002271,0.008032,0.03344,0.0196,0.008599,0.4095,0.4098,
1.418,0.2201,0.03159,0.01688,0.01559,0.03765,0.007119,0.002271,0.008073,0.0337,0.01952,0.008599,0.4094,0.4096,
1.42,0.2239,0.03196,0.01692,0.01555,0.03761,0.007023,0.00227,0.008068,0.03378,0.02014,0.008594,0.4092,0.4089,
1.42,0.2274,0.03177,0.0169,0.01558,0.0376,0.007023,0.00227,0.00816,0.03369,0.02028,0.008595,0.4092,0.4089,
1.421,0.2234,0.03159,0.01697,0.01559,0.03764,0.007021,0.00231,0.008117,0.03378,0.02038,0.008593,0.4092,0.4088,
1.42,0.2326,0.0312,0.01718,0.01551,0.03776,0.007022,0.002352,0.008118,0.03409,0.02004,0.008594,0.4092,0.409,
1.419,0.2363,0.03086,0.01713,0.01553,0.03775,0.007023,0.002352,0.00812,0.03472,0.01942,0.008595,0.4093,0.4092,
1.421,0.2402,0.03086,0.01733,0.01552,0.03771,0.006789,0.002399,0.008106,0.03487,0.02007,0.008589,0.409,0.4088,
1.42,0.2433,0.03026,0.01732,0.0155,0.03792,0.006703,0.002399,0.008188,0.03492,0.02016,0.008588,0.4089,0.4091,
1.419,0.2396,0.03006,0.01734,0.01536,0.03803,0.006645,0.002399,0.008243,0.03487,0.02016,0.008589,0.409,0.4093,
1.422,0.2483,0.03014,0.01731,0.01524,0.03849,0.00659,0.002397,0.008239,0.03485,0.02075,0.008584,0.4087,0.4087,
1.421,0.2264,0.02989,0.0173,0.01517,0.03851,0.006591,0.002603,0.008035,0.03486,0.02075,0.008586,0.4088,0.4089,
1.424,0.2291,0.02985,0.01738,0.01513,0.03841,0.006585,0.002601,0.008027,0.03482,0.02193,0.008578,0.4084,0.4083,
1.425,0.232,0.02972,0.01728,0.01518,0.03838,0.006462,0.0026,0.008024,0.03481,0.02254,0.008574,0.4082,0.4082,
1.424,0.2365,0.02967,0.01722,0.01518,0.03837,0.006472,0.002505,0.008025,0.03481,0.02254,0.008575,0.4083,0.4083,
1.423,0.2355,0.02954,0.01714,0.01521,0.03829,0.006348,0.002506,0.008026,0.03489,0.02248,0.008576,0.4084,0.4086,
1.422,0.2385,0.02929,0.01723,0.0152,0.03828,0.006349,0.002506,0.008028,0.03522,0.02215,0.008578,0.4084,0.4087,
1.424,0.2369,0.02975,0.01718,0.01509,0.03821,0.006334,0.002465,0.008026,0.03535,0.02244,0.008576,0.4083,0.4082,
1.424,0.2451,0.02984,0.01714,0.0151,0.0381,0.006334,0.002498,0.008115,0.03523,0.02268,0.008576,0.4084,0.408,
1.425,0.2379,0.02958,0.01713,0.01503,0.03793,0.006331,0.002496,0.00811,0.03521,0.0235,0.008572,0.4081,0.408,
1.427,0.2378,0.02932,0.01717,0.01503,0.03788,0.006203,0.002494,0.008146,0.03521,0.02431,0.008566,0.4079,0.4078,
1.426,0.2375,0.02927,0.01712,0.01503,0.03788,0.006092,0.002536,0.008106,0.03536,0.02417,0.008567,0.4079,0.408,
1.423,0.2266,0.02864,0.01674,0.01504,0.03773,0.006092,0.002577,0.00812,0.03551,0.02412,0.008566,0.4079,0.409,
1.422,0.2391,0.02812,0.01676,0.01506,0.03785,0.006093,0.002577,0.008122,0.03575,0.0239,0.008568,0.408,0.4092,
1.426,0.2315,0.02955,0.01675,0.01507,0.03779,0.006093,0.002577,0.008121,0.03583,0.02405,0.008567,0.4079,0.4076,
1.426,0.2431,0.02891,0.01682,0.01513,0.03817,0.006093,0.002618,0.008082,0.0359,0.02398,0.008569,0.408,0.4077,
1.425,0.2406,0.02877,0.01689,0.01515,0.03819,0.006088,0.00262,0.008086,0.03597,0.02347,0.008574,0.4082,0.4079,
1.426,0.2462,0.0283,0.0169,0.01517,0.03839,0.006083,0.002618,0.008188,0.03607,0.02401,0.008567,0.4079,0.4078,
1.426,0.2481,0.02792,0.01696,0.01518,0.03869,0.006123,0.00258,0.008189,0.03629,0.02368,0.008569,0.408,0.4078,
1.424,0.2505,0.02774,0.01694,0.0152,0.03862,0.006019,0.002624,0.008203,0.03683,0.02297,0.008573,0.4082,0.4081,
1.425,0.2439,0.0275,0.01703,0.01521,0.03857,0.006016,0.002648,0.008214,0.03677,0.02355,0.008568,0.408,0.4079,
1.425,0.2389,0.02748,0.01699,0.01525,0.03854,0.006017,0.002649,0.008216,0.03695,0.02317,0.00857,0.4081,0.408,
1.424,0.2415,0.02724,0.01702,0.01528,0.03846,0.00602,0.002691,0.008389,0.03682,0.02302,0.008574,0.4083,0.4082,
1.423,0.2434,0.02725,0.01699,0.0153,0.03844,0.005906,0.002777,0.008381,0.03687,0.0227,0.008576,0.4084,0.4084,
1.422,0.2488,0.02723,0.01697,0.0153,0.03837,0.005743,0.002777,0.008423,0.03744,0.02222,0.008577,0.4085,0.4085,
1.421,0.2543,0.02685,0.01699,0.01532,0.03841,0.005745,0.002819,0.008426,0.0378,0.02161,0.00858,0.4086,0.4089,
1.422,0.2396,0.02753,0.01699,0.01532,0.03835,0.005555,0.002809,0.008472,0.03774,0.02162,0.008581,0.4086,0.4084,
1.422,0.2412,0.02743,0.01693,0.01524,0.0383,0.00555,0.002808,0.008531,0.03788,0.02178,0.008578,0.4085,0.4084,
1.421,0.2268,0.02731,0.01692,0.01525,0.03831,0.005592,0.002809,0.008524,0.03801,0.02156,0.00858,0.4086,0.4085,
1.422,0.2279,0.02715,0.0169,0.01526,0.03842,0.00559,0.002808,0.008521,0.03825,0.02165,0.008577,0.4085,0.4084,
1.421,0.2284,0.02703,0.01686,0.01525,0.03846,0.005631,0.002814,0.008529,0.03844,0.02134,0.008579,0.4086,0.4085,
1.422,0.2297,0.02696,0.01682,0.01528,0.03836,0.005631,0.002841,0.008957,0.0381,0.02124,0.008581,0.4087,0.4086,
1.42,0.2364,0.02691,0.01679,0.01517,0.03819,0.005551,0.002804,0.008875,0.03833,0.02094,0.008584,0.4088,0.409,
1.418,0.233,0.02661,0.01667,0.01518,0.03826,0.005552,0.002804,0.008876,0.03902,0.02026,0.008585,0.4089,0.4093,
1.422,0.2432,0.02695,0.01669,0.0152,0.03807,0.005589,0.007263,0.004409,0.03978,0.02023,0.00858,0.4086,0.4086,
1.421,0.2367,0.02692,0.01668,0.01521,0.03797,0.005596,0.007242,0.004328,0.03978,0.02024,0.008581,0.4087,0.4088,
1.421,0.2496,0.02677,0.01676,0.01521,0.03794,0.005541,0.007297,0.004276,0.03982,0.02017,0.008582,0.4087,0.4089,
1.421,0.2246,0.02678,0.0168,0.01513,0.03801,0.005541,0.007296,0.004276,0.04005,0.02005,0.008581,0.4087,0.4088,
1.424,0.2235,0.02688,0.01677,0.01513,0.03823,0.005576,0.007329,0.004231,0.04003,0.02104,0.008572,0.4082,0.408,
1.423,0.2079,0.02662,0.01679,0.01516,0.03814,0.005579,0.007374,0.004233,0.04028,0.02051,0.008576,0.4084,0.4083,
1.422,0.2076,0.02644,0.01679,0.01517,0.03813,0.005611,0.007425,0.004152,0.041,0.01967,0.008577,0.4086,0.4084,
1.425,0.2018,0.02661,0.01663,0.01506,0.03801,0.005554,0.007584,0.003989,0.04103,0.02128,0.008564,0.4079,0.4078,
1.425,0.2027,0.02636,0.01672,0.0151,0.03806,0.005556,0.007628,0.004032,0.04114,0.02087,0.008567,0.4081,0.4079,
1.428,0.2012,0.02607,0.01657,0.0151,0.03802,0.005546,0.007658,0.004025,0.0412,0.02244,0.008554,0.4075,0.4073,
1.444,0.194,0.02583,0.01667,0.0151,0.03799,0.005543,0.007654,0.03132,0.01388,0.02315,0.008549,0.4072,0.4071,
1.443,0.187,0.0257,0.01671,0.01512,0.03788,0.005545,0.007738,0.03134,0.01387,0.02293,0.008552,0.4074,0.4072,
1.444,0.1898,0.02561,0.01669,0.015,0.03784,0.005606,0.007702,0.03128,0.01395,0.0233,0.008549,0.4072,0.4073,
1.444,0.2098,0.02532,0.01686,0.01502,0.0378,0.005648,0.007689,0.03126,0.01458,0.02267,0.008548,0.4073,0.4073,
1.444,0.1856,0.02514,0.0169,0.01506,0.03782,0.005689,0.00769,0.03122,0.01465,0.0226,0.008549,0.4073,0.4074,
1.443,0.1878,0.02492,0.01685,0.01508,0.03775,0.005771,0.007634,0.0312,0.01491,0.02239,0.008549,0.4073,0.4076,
1.444,0.1881,0.02509,0.01678,0.01508,0.0378,0.005811,0.007593,0.03131,0.01486,0.02262,0.008548,0.4073,0.4072,
1.443,0.1936,0.02496,0.01677,0.01514,0.03758,0.005782,0.00759,0.03136,0.01521,0.02192,0.008554,0.4076,0.4075,
1.442,0.1862,0.02482,0.01676,0.01514,0.03772,0.005823,0.007591,0.03138,0.01541,0.0215,0.008556,0.4077,0.4076,
1.442,0.2082,0.02469,0.0167,0.01518,0.03774,0.005898,0.00764,0.03131,0.01554,0.02133,0.008557,0.4077,0.4077,
1.441,0.1881,0.02451,0.01668,0.01509,0.03781,0.005914,0.007654,0.03126,0.01565,0.02125,0.008557,0.4078,0.4079,
1.442,0.1927,0.02446,0.01667,0.01511,0.03787,0.005808,0.007693,0.03122,0.01575,0.02132,0.008557,0.4077,0.4078,
1.441,0.2042,0.02475,0.01666,0.01515,0.03782,0.005812,0.007698,0.03124,0.01576,0.0208,0.008562,0.408,0.4078,
1.441,0.2017,0.02464,0.01661,0.01515,0.03775,0.005854,0.0077,0.0312,0.01576,0.02086,0.008564,0.4081,0.4078,
1.441,0.1904,0.02453,0.01657,0.01516,0.03774,0.005851,0.007738,0.03115,0.01592,0.02109,0.008561,0.408,0.4077,
1.441,0.1998,0.02435,0.01665,0.01519,0.0377,0.005885,0.007707,0.03116,0.01592,0.0211,0.008562,0.408,0.4078,
1.444,0.1897,0.02426,0.01666,0.01516,0.03752,0.005919,0.007657,0.03112,0.0159,0.02239,0.008553,0.4076,0.4073,
1.444,0.202,0.02365,0.01669,0.01519,0.03778,0.005919,0.007657,0.03112,0.01597,0.02249,0.008552,0.4076,0.4074,
1.443,0.1928,0.02354,0.01668,0.01521,0.03772,0.005918,0.007658,0.03113,0.01604,0.02242,0.008554,0.4076,0.4075,
1.443,0.1914,0.02336,0.01678,0.01522,0.03761,0.005946,0.007633,0.03117,0.0162,0.02223,0.008556,0.4077,0.4076,
1.442,0.1921,0.02322,0.01675,0.01527,0.03753,0.005988,0.007593,0.03118,0.0162,0.02224,0.008553,0.4078,0.4077,
1.444,0.1918,0.023,0.01673,0.01527,0.03742,0.005983,0.007588,0.03116,0.01619,0.02321,0.008547,0.4075,0.4074,
1.444,0.1908,0.02292,0.01663,0.01531,0.03736,0.005982,0.007589,0.03116,0.0162,0.02322,0.008549,0.4076,0.4075,
1.443,0.1929,0.02271,0.01673,0.01531,0.03746,0.005882,0.007589,0.0312,0.01645,0.02293,0.008549,0.4076,0.4076,
1.443,0.2005,0.02244,0.01673,0.01532,0.03767,0.005856,0.007507,0.03121,0.01655,0.02283,0.008549,0.4076,0.4077,
1.442,0.2057,0.0223,0.01674,0.01534,0.03765,0.005806,0.007508,0.03121,0.01693,0.02246,0.00855,0.4077,0.4078,
1.441,0.2123,0.02203,0.01671,0.01534,0.03766,0.005843,0.007475,0.03122,0.01693,0.02234,0.008553,0.4078,0.4081,
1.444,0.2024,0.02222,0.01675,0.01533,0.03765,0.005837,0.007468,0.03119,0.01699,0.02329,0.008545,0.4074,0.4073,
1.443,0.2062,0.02187,0.01668,0.01515,0.03793,0.005743,0.007509,0.03115,0.01722,0.02305,0.008545,0.4074,0.4077,
1.442,0.1935,0.02177,0.01668,0.01507,0.03777,0.00566,0.007512,0.03116,0.01745,0.02276,0.008548,0.4076,0.408,
1.441,0.2095,0.02169,0.01666,0.01499,0.03777,0.005623,0.007638,0.03102,0.01748,0.02262,0.00855,0.4077,0.4083,
1.44,0.1967,0.02151,0.01666,0.01498,0.03769,0.005625,0.007641,0.03104,0.01763,0.02237,0.008554,0.4078,0.4085,
1.439,0.1993,0.02146,0.01659,0.01483,0.0377,0.005625,0.007724,0.03096,0.01789,0.02203,0.008556,0.4079,0.4087,
1.442,0.2027,0.0224,0.01657,0.01485,0.03759,0.005624,0.007723,0.03096,0.01804,0.02213,0.008555,0.4079,0.4077,
1.444,0.2169,0.02227,0.01651,0.01481,0.03759,0.005619,0.007716,0.03093,0.01802,0.02315,0.008547,0.4075,0.4074,
1.444,0.1987,0.02198,0.01651,0.01483,0.03757,0.00562,0.007826,0.03082,0.01807,0.02311,0.008548,0.4075,0.4076,
1.443,0.2001,0.02172,0.01671,0.01482,0.03754,0.005569,0.007827,0.03083,0.01821,0.02296,0.008549,0.4076,0.4077,
1.443,0.1991,0.02143,0.01666,0.01484,0.03767,0.00557,0.007828,0.03083,0.01858,0.0226,0.00855,0.4077,0.4078,
1.441,0.1906,0.02117,0.01663,0.01484,0.03763,0.005469,0.00783,0.03084,0.01859,0.02261,0.008552,0.4078,0.4081,
1.444,0.2151,0.02143,0.01665,0.01484,0.03765,0.005371,0.007756,0.03082,0.01862,0.02333,0.008546,0.4075,0.4075,
1.442,0.1963,0.02088,0.0166,0.01486,0.03784,0.005371,0.007757,0.03091,0.0189,0.02297,0.008548,0.4075,0.4078,
1.444,0.2055,0.02118,0.01659,0.01488,0.03766,0.005371,0.007756,0.03096,0.01884,0.02329,0.008547,0.4075,0.4074,
1.446,0.1872,0.02138,0.01651,0.01491,0.03761,0.005366,0.007861,0.03084,0.019,0.02374,0.008543,0.4073,0.4069,
1.445,0.1999,0.02126,0.01653,0.01491,0.03753,0.005368,0.007864,0.03085,0.01978,0.02288,0.008545,0.4074,0.4071,
1.445,0.2115,0.02118,0.01657,0.01493,0.03752,0.005368,0.007905,0.03085,0.02004,0.02258,0.008545,0.4074,0.4071,
1.444,0.2206,0.02111,0.01649,0.01495,0.03747,0.005198,0.007907,0.0309,0.02019,0.02228,0.008548,0.4076,0.4074,
1.442,0.2179,0.02064,0.01618,0.01502,0.03738,0.005266,0.007839,0.0309,0.02046,0.02216,0.008548,0.4076,0.4081,
1.445,0.2124,0.02123,0.01613,0.01505,0.03739,0.005264,0.007835,0.03088,0.02157,0.02163,0.008544,0.4074,0.4071,
1.445,0.1886,0.02112,0.0161,0.01506,0.03739,0.005264,0.007904,0.03082,0.02173,0.02156,0.008544,0.4074,0.4071,
1.439,0.205,0.02062,0.01607,0.01506,0.03764,0.005268,0.007909,0.03727,0.01578,0.02044,0.008551,0.4077,0.4077,
1.441,0.2305,0.02085,0.01604,0.01506,0.03762,0.005346,0.007823,0.03725,0.01584,0.02106,0.008546,0.4075,0.4071,
1.44,0.1947,0.02057,0.016,0.01507,0.03777,0.005347,0.007825,0.03726,0.01584,0.0209,0.008549,0.4076,0.4073,
1.441,0.1907,0.02049,0.01601,0.01509,0.03762,0.005346,0.007823,0.03725,0.01597,0.02123,0.008546,0.4075,0.4072,
1.441,0.1946,0.02037,0.01597,0.01509,0.0376,0.005419,0.007857,0.03714,0.01605,0.02129,0.008546,0.4075,0.4072,
1.441,0.1856,0.02013,0.01603,0.01509,0.03762,0.00542,0.007858,0.03715,0.01613,0.02121,0.008547,0.4075,0.4073,
1.443,0.1839,0.02006,0.01597,0.0151,0.03751,0.005414,0.00785,0.03711,0.01624,0.02223,0.008538,0.4071,0.4069,
1.442,0.1873,0.01981,0.01593,0.01508,0.03746,0.005483,0.007783,0.03711,0.01656,0.02191,0.008539,0.4071,0.4072,
1.442,0.1947,0.01977,0.0159,0.01508,0.03743,0.005484,0.007783,0.03716,0.01728,0.02116,0.00854,0.4072,0.4072,
1.442,0.1864,0.01975,0.01586,0.01509,0.03746,0.005484,0.007784,0.03716,0.01728,0.02116,0.00854,0.4072,0.4072,
1.442,0.1831,0.01948,0.01585,0.0151,0.03756,0.005525,0.007743,0.03716,0.01735,0.02109,0.008541,0.4072,0.4074,
1.441,0.1818,0.01925,0.01581,0.01512,0.03769,0.005526,0.007744,0.03717,0.01761,0.02083,0.008542,0.4073,0.4074,
1.446,0.2281,0.0191,0.0159,0.01513,0.03755,0.005526,0.01174,0.03323,0.01756,0.02074,0.008544,0.4074,0.4076,
1.441,0.2218,0.01881,0.01585,0.01511,0.03743,0.005575,0.01172,0.03328,0.01763,0.01951,0.008556,0.408,0.4086,
1.446,0.1876,0.01931,0.01592,0.0151,0.03741,0.005569,0.0117,0.03325,0.01761,0.02053,0.008548,0.4076,0.4075,
1.445,0.2006,0.01922,0.01585,0.0151,0.03735,0.005625,0.01169,0.03322,0.01761,0.02053,0.00855,0.4077,0.4076,
1.445,0.1743,0.01912,0.01584,0.01511,0.03736,0.005664,0.01169,0.03318,0.01798,0.02017,0.008551,0.4077,0.4076,
1.447,0.2016,0.01895,0.01586,0.01512,0.03739,0.005692,0.01169,0.03312,0.01797,0.02084,0.008546,0.4075,0.4074,
1.449,0.1871,0.01868,0.01595,0.01513,0.03711,0.005727,0.01164,0.03309,0.01806,0.02188,0.008538,0.4071,0.4071,
1.448,0.1788,0.01866,0.01592,0.01516,0.03708,0.005728,0.01164,0.03309,0.0185,0.02137,0.008539,0.4072,0.4072,
1.448,0.1825,0.01845,0.01598,0.01515,0.03703,0.005726,0.01164,0.0331,0.01868,0.02119,0.008541,0.4072,0.4073,
1.449,0.1887,0.01882,0.01595,0.01517,0.03688,0.005725,0.01164,0.0331,0.01883,0.02116,0.008541,0.4072,0.4069,
1.448,0.176,0.0185,0.01594,0.01513,0.03694,0.005669,0.01161,0.0331,0.01899,0.02101,0.008542,0.4073,0.4073,
1.446,0.2017,0.01786,0.0159,0.01518,0.03707,0.005667,0.01165,0.03311,0.01911,0.02085,0.008544,0.4074,0.4077,
1.442,0.1877,0.01798,0.01585,0.01509,0.03708,0.005667,0.03692,0.007929,0.0191,0.02093,0.008543,0.4073,0.4076,
1.443,0.1832,0.01824,0.01585,0.01508,0.03698,0.005664,0.03691,0.007927,0.01927,0.02111,0.008542,0.4073,0.4071,
1.445,0.1818,0.0182,0.01579,0.01508,0.03694,0.00566,0.03688,0.007922,0.01926,0.02189,0.008535,0.407,0.4068,
1.445,0.2052,0.01825,0.01578,0.01512,0.03697,0.005564,0.03688,0.007922,0.01959,0.02163,0.008535,0.407,0.4068,
1.445,0.185,0.0181,0.01579,0.01513,0.03706,0.005503,0.03688,0.007881,0.01963,0.02159,0.008536,0.407,0.4069,
1.444,0.1861,0.01798,0.01573,0.01519,0.03703,0.005504,0.03689,0.007883,0.0197,0.02144,0.008538,0.4071,0.407,
1.443,0.2047,0.01797,0.01568,0.01515,0.03696,0.005503,0.0369,0.007883,0.01978,0.02136,0.008539,0.4071,0.4071,
1.443,0.2109,0.01792,0.01567,0.01518,0.03697,0.005559,0.03685,0.007958,0.02022,0.02068,0.008541,0.4072,0.4072,
1.454,0.203,0.01792,0.01563,0.01519,0.0368,0.02705,0.01537,0.008025,0.02016,0.02069,0.008543,0.4073,0.4073,
1.454,0.1821,0.01785,0.01565,0.01519,0.03673,0.02705,0.01537,0.008067,0.02065,0.02016,0.008544,0.4074,0.4074,
1.453,0.2354,0.01775,0.01559,0.0152,0.03665,0.02705,0.01537,0.008109,0.02061,0.02017,0.008545,0.4074,0.4075,
1.454,0.2239,0.01784,0.01561,0.01521,0.03679,0.02689,0.01537,0.008109,0.02069,0.02017,0.008545,0.4074,0.4073,
1.452,0.1895,0.01775,0.01566,0.01511,0.03674,0.02646,0.01537,0.00811,0.02069,0.02017,0.008546,0.4075,0.4079,
1.452,0.1995,0.01835,0.01558,0.01509,0.0367,0.02579,0.01537,0.008142,0.02074,0.0203,0.008545,0.4074,0.408,
1.45,0.2064,0.01816,0.01555,0.01505,0.03671,0.02524,0.01538,0.008143,0.02089,0.02016,0.008546,0.4075,0.4087,
1.449,0.2282,0.01815,0.01549,0.01506,0.03661,0.02502,0.01538,0.008145,0.02098,0.02007,0.008548,0.4076,0.409,
1.457,0.1895,0.01961,0.01558,0.01505,0.03684,0.02482,0.01536,0.008176,0.02108,0.02109,0.008538,0.4071,0.4068,
1.456,0.1941,0.01958,0.01554,0.01498,0.03664,0.02464,0.01536,0.008176,0.02108,0.02127,0.008539,0.4071,0.4071,
1.454,0.1893,0.01941,0.01554,0.01501,0.03678,0.02378,0.01536,0.008176,0.02137,0.02098,0.008539,0.4071,0.4079,
1.461,0.2109,0.02068,0.01548,0.01501,0.03688,0.02276,0.01534,0.01618,0.01369,0.02176,0.008529,0.4067,0.407,
1.459,0.2187,0.02111,0.01546,0.01489,0.03682,0.02162,0.01538,0.01614,0.01387,0.02191,0.008528,0.4066,0.4077,
1.425,0.206,0.0209,0.0154,0.01491,0.03678,0.01129,0.01541,0.01618,0.01465,0.02101,0.008527,0.4067,0.4183,
1.459,0.1691,0.03284,0.01541,0.01491,0.03679,0.01098,0.01544,0.01612,0.01484,0.02167,0.00852,0.4063,0.4062,
1.46,0.1877,0.03287,0.01539,0.01494,0.03679,0.01092,0.01535,0.01615,0.01485,0.02192,0.008518,0.4062,0.4061,
1.458,0.1847,0.03278,0.01537,0.01495,0.03672,0.01062,0.01536,0.01616,0.01492,0.02186,0.00852,0.4063,0.4064,
1.46,0.1669,0.03321,0.01534,0.01496,0.0367,0.01038,0.01535,0.01615,0.01518,0.02214,0.008515,0.4061,0.4059,
1.458,0.1635,0.03274,0.01529,0.01487,0.03676,0.01043,0.01532,0.01616,0.01526,0.02168,0.00852,0.4063,0.4066,
1.456,0.1581,0.03262,0.01526,0.0148,0.03667,0.01043,0.01523,0.01622,0.01528,0.02161,0.008522,0.4064,0.407,
1.454,0.1583,0.03222,0.01518,0.01482,0.03657,0.01029,0.01515,0.01623,0.01537,0.02145,0.008525,0.4066,0.4076,
1.452,0.1664,0.03211,0.0152,0.01485,0.03657,0.009978,0.0152,0.01619,0.01541,0.02121,0.008528,0.4067,0.408,
1.458,0.1652,0.03351,0.01517,0.01484,0.03646,0.009844,0.01527,0.01614,0.01543,0.02223,0.00852,0.4063,0.4063,
1.458,0.1623,0.03324,0.01515,0.01485,0.03654,0.009846,0.01531,0.01614,0.01558,0.02205,0.008522,0.4064,0.4063,
1.458,0.1634,0.03326,0.01519,0.01486,0.03659,0.009695,0.01531,0.01614,0.01618,0.02165,0.008521,0.4064,0.4062,
1.457,0.172,0.03323,0.01509,0.01491,0.03652,0.009375,0.01531,0.01614,0.01636,0.02147,0.008523,0.4065,0.4066,
1.456,0.1663,0.03322,0.01503,0.01493,0.03642,0.009315,0.01528,0.01619,0.01656,0.02116,0.008525,0.4066,0.4068,
1.452,0.1652,0.03322,0.015,0.01498,0.03637,0.009326,0.0153,0.01621,0.0167,0.01958,0.008539,0.4073,0.4075,
1.45,0.1703,0.03307,0.01497,0.01499,0.03628,0.009218,0.01528,0.01626,0.01666,0.01958,0.00854,0.4073,0.4079,
1.453,0.1775,0.03353,0.0149,0.01493,0.03627,0.009214,0.01527,0.01625,0.01672,0.02001,0.008537,0.4072,0.4072,
1.451,0.1732,0.03328,0.01489,0.01495,0.03618,0.009186,0.01527,0.01625,0.01687,0.01959,0.008541,0.4074,0.4076,
1.45,0.1734,0.03326,0.01487,0.01495,0.03614,0.009093,0.01527,0.01625,0.01724,0.01922,0.008542,0.4074,0.4078,
1.451,0.1789,0.03382,0.01486,0.01496,0.03594,0.008843,0.01531,0.01631,0.01753,0.01899,0.008543,0.4074,0.4075,
1.45,0.1658,0.03396,0.01475,0.01488,0.03572,0.008697,0.01532,0.01635,0.01749,0.01925,0.008544,0.4075,0.4075,
1.45,0.168,0.03384,0.01475,0.01489,0.03573,0.008698,0.01532,0.01636,0.01765,0.01901,0.008546,0.4076,0.4076,
1.45,0.1764,0.0339,0.01472,0.01488,0.03569,0.008539,0.01536,0.01627,0.01773,0.01916,0.008545,0.4075,0.4077,
1.452,0.1764,0.03402,0.01466,0.01489,0.03571,0.008567,0.01532,0.0163,0.01784,0.01966,0.00854,0.4073,0.4072,
1.452,0.1699,0.03391,0.01467,0.01489,0.0357,0.008565,0.01531,0.0163,0.01818,0.01956,0.008538,0.4072,0.4072,
1.452,0.1635,0.03382,0.01466,0.0149,0.03554,0.008568,0.01537,0.01625,0.01819,0.01957,0.00854,0.4073,0.4073,
1.451,0.1689,0.03368,0.01461,0.01491,0.03563,0.008466,0.01537,0.01639,0.01845,0.01918,0.008541,0.4074,0.4074,
1.452,0.1687,0.03389,0.01464,0.01482,0.0357,0.008465,0.01537,0.01639,0.01859,0.0192,0.008541,0.4073,0.407,
1.451,0.1714,0.03374,0.01464,0.01485,0.03566,0.008469,0.01538,0.01639,0.01868,0.01886,0.008545,0.4075,0.4072,
1.452,0.1641,0.03386,0.01469,0.01487,0.03573,0.008067,0.01537,0.01642,0.01871,0.01941,0.00854,0.4073,0.407,
1.453,0.1742,0.03371,0.01463,0.01487,0.03574,0.007942,0.01536,0.01647,0.01876,0.02005,0.008534,0.407,0.4069,
1.453,0.1731,0.03368,0.01458,0.01479,0.03571,0.007943,0.01536,0.01647,0.01876,0.02005,0.008535,0.4071,0.407,
1.452,0.1679,0.03331,0.01453,0.01481,0.03604,0.007845,0.01536,0.01647,0.01887,0.01995,0.008536,0.4071,0.4072,
1.451,0.1633,0.03329,0.01448,0.01482,0.03612,0.007471,0.0154,0.01644,0.01887,0.02003,0.008536,0.4071,0.4074,
1.456,0.1608,0.03349,0.01452,0.0148,0.03602,0.00746,0.01537,0.01648,0.01878,0.02156,0.008525,0.4066,0.4064,
1.455,0.1616,0.0334,0.01451,0.01482,0.03603,0.007348,0.01538,0.01649,0.01878,0.02148,0.008526,0.4067,0.4066,
1.456,0.1599,0.03354,0.01448,0.01474,0.03593,0.007379,0.01534,0.01648,0.01881,0.02199,0.008523,0.4065,0.4063,
1.458,0.1755,0.03365,0.01445,0.01473,0.03586,0.0071,0.01533,0.01652,0.01874,0.02298,0.008516,0.4062,0.406,
1.457,0.1765,0.03334,0.01447,0.01475,0.03592,0.007101,0.01533,0.01652,0.01874,0.02298,0.008516,0.4062,0.4061,
1.456,0.1642,0.03326,0.01442,0.01476,0.03586,0.00697,0.01533,0.01653,0.01957,0.02217,0.008518,0.4063,0.4064,
1.456,0.1684,0.03291,0.01461,0.01478,0.03588,0.006971,0.01541,0.01655,0.01947,0.02217,0.008519,0.4063,0.4064,
1.457,0.1629,0.03308,0.01461,0.0148,0.03583,0.006969,0.01541,0.01654,0.01967,0.02226,0.008517,0.4062,0.4061,
1.46,0.1686,0.03273,0.01462,0.0148,0.0358,0.00696,0.01544,0.01648,0.01983,0.02349,0.008507,0.4057,0.4056,
1.459,0.1597,0.0325,0.01461,0.01481,0.03563,0.006962,0.01544,0.01648,0.02024,0.02309,0.008509,0.4058,0.4059,
1.46,0.1683,0.03245,0.01466,0.01482,0.03559,0.00696,0.01548,0.01648,0.02019,0.02347,0.008507,0.4057,0.4057,
1.463,0.1736,0.03222,0.01474,0.01481,0.03548,0.007035,0.01538,0.01646,0.02056,0.0242,0.008498,0.4053,0.4053,
1.464,0.173,0.03215,0.01473,0.01483,0.03561,0.007151,0.0153,0.01641,0.02069,0.02443,0.008496,0.4052,0.405,
1.464,0.165,0.03191,0.01466,0.01484,0.03576,0.00705,0.0153,0.01642,0.02077,0.02445,0.008491,0.4053,0.4051,
1.463,0.1663,0.03144,0.01465,0.01486,0.03607,0.006876,0.01533,0.01646,0.02094,0.02423,0.008493,0.4053,0.4053,
1.462,0.1648,0.03141,0.01464,0.01487,0.03607,0.006999,0.01525,0.01648,0.02102,0.02402,0.008494,0.4054,0.4054,
1.462,0.1755,0.03119,0.01466,0.01489,0.03615,0.006917,0.01525,0.01648,0.02117,0.0238,0.008496,0.4055,0.4055,
1.463,0.1756,0.03141,0.01468,0.0148,0.03607,0.006955,0.01531,0.01642,0.02143,0.02392,0.008494,0.4054,0.4052,
1.463,0.1781,0.03141,0.01467,0.01481,0.03597,0.006873,0.01535,0.01646,0.02149,0.02378,0.008494,0.4054,0.4053,
1.462,0.178,0.03109,0.01463,0.01483,0.03598,0.006833,0.01532,0.0165,0.02198,0.02327,0.008497,0.4055,0.4056,
1.465,0.1713,0.03096,0.01461,0.01484,0.0362,0.006867,0.01526,0.01649,0.02195,0.02433,0.008488,0.4051,0.4049,
1.464,0.184,0.03071,0.01469,0.0148,0.03612,0.006867,0.01531,0.01648,0.02201,0.02424,0.008488,0.4051,0.4052,
1.464,0.1801,0.03091,0.01476,0.01482,0.03607,0.006748,0.01531,0.01648,0.02201,0.02439,0.008488,0.4051,0.4049,
1.464,0.1847,0.03063,0.01484,0.01484,0.03617,0.006841,0.01526,0.01639,0.0222,0.02406,0.00849,0.4052,0.4051,
1.463,0.1778,0.03048,0.01484,0.01485,0.03598,0.006925,0.01523,0.01636,0.02221,0.02398,0.008494,0.4054,0.4053,
1.462,0.185,0.0304,0.01484,0.01488,0.03597,0.006954,0.01517,0.0163,0.02261,0.02351,0.008495,0.4054,0.4054,
1.46,0.1879,0.02981,0.01492,0.01493,0.03629,0.006847,0.01514,0.01628,0.02323,0.02244,0.008501,0.4057,0.4059,
1.461,0.179,0.0297,0.0149,0.01494,0.03655,0.006882,0.0151,0.01627,0.02331,0.02251,0.0085,0.4057,0.4057,
1.46,0.2006,0.0295,0.01492,0.01488,0.03668,0.006772,0.0151,0.01623,0.02331,0.02251,0.0085,0.4057,0.4059,
1.459,0.1795,0.02887,0.01501,0.0149,0.03677,0.006772,0.01514,0.01619,0.02339,0.02243,0.008501,0.4057,0.4063,
1.462,0.1835,0.02924,0.01519,0.01489,0.03694,0.006748,0.01506,0.01619,0.02386,0.02237,0.008498,0.4056,0.4054,
1.461,0.1907,0.02913,0.01517,0.01492,0.0369,0.006637,0.01506,0.01619,0.02386,0.02238,0.0085,0.4057,0.4056,
1.464,0.1842,0.02896,0.01516,0.0149,0.03692,0.006462,0.015,0.01613,0.02435,0.02338,0.008488,0.4051,0.4052,
1.466,0.176,0.02935,0.01508,0.01488,0.03703,0.006539,0.01495,0.01608,0.02438,0.02371,0.008486,0.405,0.4045,
1.468,0.2771,0.02891,0.0151,0.01487,0.03727,0.006614,0.01486,0.01613,0.02445,0.02462,0.008478,0.4046,0.4041,
1.468,0.2168,0.02874,0.01515,0.01488,0.0372,0.006654,0.01482,0.01612,0.02444,0.0248,0.008476,0.4046,0.4041,
1.468,0.1958,0.02844,0.01525,0.01489,0.03723,0.006646,0.01482,0.01613,0.02445,0.0248,0.008477,0.4047,0.4042,
1.468,0.1851,0.02818,0.01533,0.0149,0.03725,0.006547,0.01486,0.01607,0.02443,0.02538,0.008472,0.4044,0.4041,
1.465,0.1805,0.02724,0.01544,0.01488,0.03755,0.006194,0.01486,0.01607,0.02444,0.02538,0.008474,0.4045,0.4049,
1.467,0.1811,0.02732,0.01545,0.01478,0.03781,0.006158,0.01484,0.01605,0.0245,0.02598,0.008469,0.4043,0.4044,
1.466,0.2039,0.02694,0.01542,0.01473,0.03808,0.00616,0.01484,0.0161,0.02476,0.02551,0.008472,0.4044,0.4046,
1.465,0.1946,0.02666,0.01553,0.01468,0.03798,0.006137,0.01489,0.01603,0.02503,0.02517,0.008474,0.4045,0.4049,
1.467,0.1856,0.02713,0.01552,0.01472,0.03797,0.006103,0.01482,0.01602,0.02507,0.02539,0.008472,0.4044,0.4044,
1.466,0.2109,0.0269,0.01552,0.01473,0.03815,0.006145,0.01486,0.01605,0.02507,0.02511,0.008474,0.4045,0.4045,
1.465,0.2135,0.02681,0.0155,0.01457,0.03811,0.006044,0.01491,0.01601,0.02541,0.02478,0.008475,0.4046,0.4048,
1.464,0.2026,0.02653,0.01568,0.01451,0.03808,0.006045,0.01491,0.01601,0.02585,0.02425,0.008477,0.4047,0.405,
1.465,0.1884,0.02672,0.01562,0.01452,0.03799,0.006046,0.01491,0.01602,0.02667,0.02369,0.008478,0.4047,0.4046,
1.464,0.1966,0.02664,0.01556,0.01454,0.03804,0.005916,0.01494,0.01597,0.02681,0.02355,0.008478,0.4047,0.4048,
1.466,0.1913,0.02658,0.01566,0.01459,0.03821,0.005915,0.01494,0.016,0.02687,0.0237,0.008477,0.4047,0.4044,
1.465,0.2242,0.0263,0.01573,0.01461,0.0384,0.005918,0.01495,0.01605,0.02739,0.02282,0.00848,0.4048,0.4045,
1.456,0.2366,0.02627,0.01576,0.01461,0.0383,0.005914,0.02646,0.00446,0.02743,0.02278,0.008481,0.4049,0.4046,
1.456,0.2251,0.02622,0.01564,0.01459,0.03828,0.005911,0.02645,0.004499,0.02738,0.02318,0.008478,0.4047,0.4046,
1.455,0.2011,0.02594,0.01571,0.0146,0.03831,0.005913,0.02646,0.004501,0.02739,0.02299,0.008481,0.4049,0.4048,
1.455,0.2083,0.02572,0.01572,0.01463,0.03841,0.005863,0.02646,0.004501,0.0274,0.023,0.008482,0.4049,0.4049,
1.455,0.2189,0.0256,0.01571,0.01466,0.03841,0.005864,0.02647,0.004568,0.02733,0.023,0.008483,0.405,0.4049,
1.454,0.2116,0.02526,0.01574,0.01466,0.03842,0.00581,0.02643,0.004568,0.02734,0.023,0.008485,0.4051,0.4052,
1.454,0.2169,0.02545,0.01575,0.01467,0.0383,0.005716,0.02643,0.004568,0.02768,0.02289,0.008485,0.4051,0.405,
1.456,0.2177,0.02515,0.01573,0.01465,0.03829,0.005711,0.0264,0.004564,0.02765,0.02406,0.008477,0.4047,0.4046,
1.456,0.2384,0.02503,0.01567,0.01467,0.03831,0.00571,0.02641,0.004565,0.02766,0.02407,0.008478,0.4047,0.4047,
1.457,0.2,0.02498,0.01554,0.0147,0.03826,0.005707,0.0264,0.004563,0.02768,0.02459,0.008474,0.4046,0.4045,
1.457,0.1846,0.02509,0.01549,0.01471,0.03821,0.005504,0.02643,0.004577,0.0284,0.02434,0.008471,0.4044,0.4044,
1.46,0.2094,0.02496,0.0155,0.0147,0.03814,0.005446,0.0264,0.004605,0.02834,0.02551,0.008462,0.404,0.404,
1.458,0.2014,0.02464,0.01548,0.01471,0.03827,0.005136,0.0264,0.004605,0.02834,0.02551,0.008462,0.404,0.4044,
1.457,0.206,0.02418,0.01546,0.01473,0.03832,0.005138,0.02641,0.004606,0.02835,0.02552,0.008465,0.4041,0.4047,
1.456,0.1992,0.02409,0.01544,0.01475,0.03825,0.005139,0.02646,0.004557,0.02835,0.02552,0.008466,0.4042,0.4048,
1.455,0.2015,0.02387,0.01549,0.01477,0.03825,0.005141,0.02647,0.004559,0.02843,0.02521,0.008469,0.4043,0.405,
1.455,0.2046,0.02378,0.01549,0.01481,0.03818,0.005141,0.02647,0.00456,0.02843,0.02521,0.00847,0.4044,0.4051,
1.458,0.2075,0.02456,0.01542,0.01482,0.03805,0.005096,0.02641,0.004547,0.02846,0.0259,0.008466,0.4042,0.4041,
1.458,0.2055,0.02453,0.01532,0.01482,0.03786,0.005095,0.02645,0.00456,0.02847,0.02624,0.008465,0.4041,0.4041,
1.458,0.2061,0.02445,0.0153,0.01485,0.03776,0.004996,0.02645,0.004561,0.02847,0.02624,0.008466,0.4042,0.4043,
1.457,0.2134,0.02439,0.0153,0.01486,0.03773,0.004996,0.02645,0.004561,0.02855,0.02617,0.008467,0.4042,0.4043,
1.457,0.209,0.02427,0.01522,0.01488,0.03773,0.004997,0.02646,0.004562,0.02882,0.02591,0.008469,0.4043,0.4044,
1.456,0.2091,0.02419,0.01523,0.01488,0.03768,0.004984,0.02642,0.004563,0.0289,0.02584,0.00847,0.4044,0.4045,
1.463,0.237,0.02412,0.01521,0.01481,0.03766,0.01119,0.02021,0.004563,0.02912,0.02562,0.008471,0.4044,0.4046,
1.462,0.2174,0.02394,0.01515,0.01481,0.03756,0.01144,0.01998,0.004626,0.02911,0.02559,0.008474,0.4046,0.4047,
1.464,0.2252,0.02436,0.01488,0.01481,0.03727,0.01164,0.01976,0.004623,0.02914,0.02647,0.008469,0.4043,0.4042,
1.463,0.2118,0.02421,0.01485,0.01484,0.03716,0.01161,0.01961,0.004678,0.02916,0.02651,0.008471,0.4044,0.4045,
1.462,0.2141,0.02407,0.0149,0.01485,0.03709,0.01143,0.01936,0.004736,0.02922,0.0264,0.008472,0.4045,0.405,
1.459,0.2097,0.02393,0.01483,0.01473,0.0371,0.01113,0.01917,0.004737,0.02926,0.02623,0.008475,0.4046,0.4058,
1.457,0.2082,0.02386,0.01479,0.01475,0.03711,0.01085,0.01903,0.004712,0.02961,0.02581,0.008476,0.4047,0.4063,
1.454,0.2103,0.02547,0.01474,0.01463,0.03702,0.008927,0.01892,0.004752,0.02984,0.02586,0.008475,0.4046,0.4067,
1.461,0.2061,0.02751,0.01476,0.01463,0.037,0.009166,0.01866,0.00475,0.02982,0.02649,0.00847,0.4044,0.4043,
1.461,0.1804,0.02751,0.01474,0.01465,0.037,0.00922,0.0185,0.00475,0.02982,0.02649,0.00847,0.4044,0.4044,
1.46,0.1807,0.0274,0.01472,0.01465,0.03694,0.009154,0.01843,0.004709,0.02983,0.0265,0.008472,0.4045,0.4047,
1.458,0.1895,0.02729,0.01468,0.01455,0.03691,0.00903,0.01827,0.004709,0.02987,0.02646,0.008472,0.4045,0.4052,
1.459,0.193,0.02782,0.01471,0.01441,0.03695,0.008899,0.01818,0.004749,0.02986,0.02678,0.00847,0.4044,0.4047,
1.46,0.1914,0.02825,0.01466,0.01442,0.03677,0.008779,0.01814,0.00482,0.02978,0.02714,0.008469,0.4044,0.4044,
1.461,0.1897,0.02856,0.01461,0.01441,0.03667,0.008727,0.01806,0.004881,0.02976,0.02743,0.008468,0.4043,0.4041,
1.461,0.204,0.0283,0.01469,0.01444,0.03675,0.008591,0.01813,0.00487,0.02998,0.02716,0.008469,0.4044,0.4042,
1.459,0.1896,0.02817,0.01464,0.01445,0.03664,0.008441,0.01813,0.00487,0.02999,0.02717,0.00847,0.4045,0.4046,
1.46,0.1938,0.02866,0.01466,0.01447,0.03687,0.007856,0.01813,0.00487,0.03014,0.02718,0.00847,0.4044,0.4043,
1.457,0.2021,0.02819,0.01468,0.0145,0.03709,0.007526,0.01813,0.004936,0.03035,0.02674,0.008471,0.4045,0.4049,
1.459,0.2025,0.02822,0.01471,0.0145,0.03733,0.007515,0.01819,0.004963,0.03074,0.02647,0.008472,0.4045,0.4044,
1.459,0.2107,0.02788,0.01494,0.01452,0.03729,0.007461,0.01814,0.004962,0.03086,0.02653,0.008471,0.4045,0.4045,
1.46,0.2175,0.02792,0.01494,0.01453,0.0372,0.0169,0.0087,0.005026,0.0318,0.02584,0.008467,0.4044,0.4043,
1.459,0.1998,0.02773,0.01499,0.01453,0.03724,0.01682,0.008744,0.005047,0.03204,0.02534,0.00847,0.4046,0.4045,
1.458,0.1973,0.02766,0.01502,0.01453,0.03715,0.0168,0.008667,0.005114,0.0323,0.02473,0.008474,0.4048,0.4048,
1.458,0.1937,0.02786,0.01503,0.01454,0.03723,0.01637,0.008614,0.005069,0.03237,0.02523,0.00847,0.4046,0.4047,
1.47,0.2544,0.02806,0.01502,0.01454,0.03719,0.01626,0.008488,0.02316,0.01426,0.02584,0.008466,0.4044,0.4044,
1.473,0.205,0.02801,0.01499,0.01452,0.03711,0.01615,0.008475,0.02313,0.01479,0.02697,0.008452,0.4037,0.4037,
1.472,0.1862,0.02795,0.015,0.01454,0.03698,0.0159,0.008464,0.02311,0.0148,0.02674,0.008456,0.4039,0.4042,
1.468,0.192,0.02778,0.01501,0.01456,0.03688,0.01524,0.008426,0.02318,0.01482,0.02653,0.008459,0.404,0.4051,
1.468,0.1933,0.0276,0.01498,0.01459,0.0368,0.01512,0.008427,0.02318,0.01514,0.02622,0.00846,0.4041,0.4054,
1.466,0.184,0.02746,0.01497,0.0146,0.0367,0.01488,0.008431,0.02332,0.01517,0.02588,0.008465,0.4043,0.4058,
1.47,0.1832,0.02927,0.01494,0.0146,0.03651,0.01442,0.008429,0.02339,0.01508,0.02639,0.008462,0.4042,0.4043,
1.468,0.1894,0.02915,0.01491,0.01462,0.03647,0.01417,0.008411,0.02336,0.01515,0.02614,0.008466,0.4044,0.4048,
1.465,0.1885,0.02883,0.01497,0.01464,0.0365,0.0136,0.008454,0.02333,0.01523,0.02597,0.008468,0.4045,0.4055,
1.464,0.1829,0.02874,0.015,0.01464,0.03653,0.01339,0.008619,0.02323,0.01521,0.02572,0.00847,0.4046,0.4059,
1.465,0.1843,0.02996,0.01499,0.01459,0.03645,0.01247,0.008676,0.02314,0.01534,0.02612,0.008467,0.4044,0.4054,
1.464,0.1888,0.02974,0.01501,0.0146,0.03638,0.01225,0.008719,0.02316,0.01525,0.02613,0.008469,0.4045,0.4058,
1.461,0.1897,0.02963,0.01499,0.0146,0.03641,0.01159,0.00872,0.02312,0.01525,0.02613,0.00847,0.4046,0.4065,
1.465,0.1914,0.03155,0.01507,0.01462,0.03644,0.01109,0.008843,0.023,0.01526,0.02609,0.008471,0.4046,0.4049,
1.464,0.193,0.03181,0.01513,0.01463,0.03647,0.01418,0.005647,0.02292,0.01542,0.02605,0.008471,0.4046,0.4047,
1.463,0.191,0.03203,0.0152,0.01453,0.0368,0.01382,0.00569,0.02288,0.01533,0.02582,0.008474,0.4048,0.4047,
1.464,0.2071,0.03178,0.01516,0.01457,0.03692,0.01371,0.005813,0.02275,0.01527,0.02642,0.008469,0.4045,0.4046,
1.462,0.2161,0.03161,0.01512,0.01458,0.03692,0.01342,0.005855,0.02268,0.01541,0.02629,0.008471,0.4046,0.405,
1.457,0.2004,0.0315,0.01509,0.01458,0.03692,0.01197,0.005857,0.02274,0.01571,0.02577,0.008474,0.4048,0.4066,
1.456,0.2051,0.03134,0.01512,0.01458,0.03696,0.01176,0.005692,0.02274,0.01669,0.0248,0.008475,0.4048,0.407,
1.452,0.1983,0.0308,0.01517,0.01459,0.03709,0.01141,0.005656,0.02281,0.01655,0.0246,0.008477,0.4049,0.4079,
1.452,0.2042,0.03039,0.01517,0.01459,0.03745,0.01146,0.005616,0.02289,0.01663,0.02436,0.008478,0.405,0.408,
1.458,0.207,0.03313,0.0152,0.01459,0.03763,0.01117,0.005597,0.02294,0.01671,0.02417,0.008481,0.4051,0.4053,
1.458,0.2013,0.03293,0.01522,0.0146,0.03783,0.01125,0.005612,0.02285,0.01678,0.02394,0.008482,0.4052,0.4053,
1.457,0.2108,0.03267,0.01519,0.01461,0.03779,0.01116,0.005654,0.02285,0.01684,0.02385,0.008484,0.4053,0.4056,
1.456,0.2063,0.03238,0.01515,0.01463,0.03775,0.01126,0.005561,0.02286,0.01714,0.02347,0.008488,0.4054,0.4059,
1.46,0.2018,0.03296,0.01517,0.01462,0.03776,0.01121,0.005647,0.02271,0.01713,0.02451,0.00848,0.4051,0.4047,
1.46,0.2038,0.03251,0.01534,0.01463,0.03779,0.01125,0.005688,0.02271,0.01713,0.02463,0.008481,0.4051,0.4047,
1.458,0.215,0.03217,0.01532,0.01455,0.03778,0.01092,0.005689,0.02268,0.01714,0.02464,0.008483,0.4052,0.4054,
1.457,0.2218,0.03186,0.01525,0.01455,0.03783,0.01097,0.00565,0.02268,0.01726,0.02453,0.008486,0.4054,0.4056,
1.461,0.2025,0.03256,0.0152,0.01453,0.03769,0.0108,0.005771,0.02253,0.01747,0.02544,0.008478,0.405,0.4046,
1.462,0.2052,0.03237,0.01524,0.01453,0.03759,0.01078,0.005777,0.02244,0.01746,0.02606,0.008474,0.4048,0.4045,
1.461,0.215,0.03233,0.01526,0.01457,0.03746,0.01069,0.005778,0.02245,0.01759,0.02594,0.008475,0.4049,0.4046,
1.46,0.2106,0.03218,0.01531,0.01457,0.03744,0.01046,0.005728,0.02242,0.01759,0.02594,0.008477,0.4049,0.405,
1.459,0.2245,0.03206,0.01523,0.01455,0.03745,0.01029,0.005729,0.02243,0.01778,0.02575,0.008478,0.405,0.4053,
1.458,0.2272,0.03179,0.01531,0.01456,0.03744,0.01016,0.005722,0.02242,0.01786,0.02569,0.00848,0.4051,0.4055,
1.457,0.2161,0.03166,0.01526,0.01447,0.03747,0.009962,0.005723,0.02243,0.0179,0.02565,0.008481,0.4051,0.4059,
1.456,0.206,0.03149,0.01524,0.01449,0.03743,0.009868,0.005814,0.02246,0.01786,0.02558,0.008483,0.4052,0.4061,
1.455,0.2098,0.03127,0.01523,0.01449,0.03754,0.009763,0.005815,0.02247,0.01786,0.02558,0.008484,0.4053,0.4062,
1.454,0.2124,0.03097,0.01519,0.01449,0.0376,0.009653,0.005774,0.02247,0.01816,0.02529,0.008487,0.4054,0.4065,
1.457,0.2066,0.03203,0.01518,0.0145,0.03753,0.00946,0.00582,0.02242,0.01816,0.02573,0.008486,0.4053,0.4053,
1.457,0.2391,0.03198,0.01522,0.0145,0.0375,0.009372,0.00582,0.02242,0.01816,0.02573,0.008486,0.4054,0.4054,
1.456,0.2023,0.03168,0.01528,0.01449,0.03746,0.009374,0.005821,0.02243,0.01816,0.02574,0.008488,0.4054,0.4056,
1.457,0.2128,0.03182,0.01518,0.01452,0.03744,0.009371,0.005819,0.02242,0.01823,0.02615,0.008485,0.4053,0.4052,
1.457,0.2069,0.03199,0.01525,0.01444,0.03741,0.00903,0.005775,0.02246,0.01819,0.02651,0.008483,0.4052,0.4052,
1.456,0.2075,0.0318,0.01534,0.0144,0.0374,0.008798,0.005733,0.02246,0.01819,0.02651,0.008485,0.4053,0.4056,
1.455,0.1991,0.03159,0.01543,0.01441,0.03746,0.008701,0.005734,0.0225,0.01823,0.02634,0.008486,0.4054,0.4058,
1.455,0.1953,0.03128,0.01547,0.01441,0.03763,0.00865,0.005694,0.02251,0.01824,0.02634,0.008487,0.4054,0.4059,
1.457,0.2064,0.03195,0.01549,0.01442,0.03764,0.008526,0.02154,0.006623,0.0183,0.02643,0.008487,0.4054,0.4052,
1.456,0.2173,0.03192,0.01549,0.01442,0.03751,0.008354,0.02161,0.006556,0.01831,0.02644,0.008488,0.4055,0.4054,
1.457,0.2211,0.03176,0.01547,0.01442,0.03743,0.008352,0.02169,0.006533,0.01828,0.02691,0.008486,0.4054,0.4053,
1.457,0.2216,0.03165,0.01547,0.01443,0.03737,0.008353,0.02172,0.006501,0.01836,0.02684,0.008488,0.4054,0.4054,
1.457,0.2277,0.03157,0.01547,0.01445,0.03734,0.008395,0.02168,0.006502,0.01836,0.02684,0.008488,0.4055,0.4054,
1.456,0.2324,0.03136,0.01538,0.01447,0.03744,0.008472,0.02161,0.006503,0.01837,0.02682,0.00849,0.4056,0.4055,
1.456,0.2351,0.03095,0.01538,0.01447,0.03758,0.008475,0.02162,0.006565,0.01831,0.02683,0.008489,0.4057,0.4056,
1.457,0.2328,0.03087,0.01539,0.01447,0.03752,0.008469,0.02169,0.006529,0.01849,0.02736,0.008482,0.4054,0.4053,
1.455,0.2201,0.02979,0.01526,0.01446,0.03732,0.0085,0.02169,0.006486,0.01858,0.02784,0.008479,0.4053,0.4063,
1.458,0.2277,0.03074,0.01528,0.01446,0.03729,0.008375,0.02169,0.006484,0.01884,0.02788,0.008478,0.4052,0.4053,
1.456,0.2258,0.03049,0.01532,0.01446,0.0374,0.008206,0.02166,0.006549,0.01888,0.02755,0.008481,0.4053,0.4057,
1.459,0.2202,0.03101,0.0153,0.01445,0.03738,0.008058,0.0216,0.006545,0.01886,0.02827,0.008475,0.4051,0.405,
1.457,0.2286,0.0308,0.01537,0.01447,0.0374,0.008063,0.02178,0.006386,0.01934,0.02738,0.00848,0.4053,0.4052,
1.458,0.2225,0.03085,0.01536,0.01448,0.03756,0.007975,0.02178,0.006387,0.01983,0.02683,0.008482,0.4054,0.4051,
1.457,0.2289,0.03041,0.01537,0.01447,0.03762,0.008011,0.02175,0.00643,0.01991,0.02673,0.008485,0.4055,0.4053,
1.456,0.2616,0.03022,0.01536,0.0145,0.03761,0.008015,0.0218,0.006392,0.02016,0.02623,0.008489,0.4057,0.4055,
1.456,0.2262,0.02998,0.01537,0.01441,0.03743,0.008012,0.02179,0.006389,0.02033,0.02676,0.008486,0.4056,0.4055,
1.455,0.2365,0.02949,0.01543,0.01441,0.03774,0.007826,0.02179,0.006391,0.02064,0.02636,0.008488,0.4057,0.4057,
1.455,0.2348,0.0293,0.01544,0.01441,0.03781,0.007827,0.02184,0.006351,0.0208,0.02621,0.008489,0.4057,0.4058,
1.457,0.2274,0.02896,0.01543,0.01442,0.03784,0.01139,0.01828,0.006352,0.02135,0.02568,0.008491,0.4058,0.406,
1.456,0.2249,0.02911,0.01537,0.01439,0.03791,0.01112,0.01818,0.006457,0.02132,0.02573,0.00849,0.4058,0.4061,
1.455,0.2303,0.02867,0.01528,0.01439,0.03766,0.01112,0.01819,0.0065,0.02515,0.02188,0.008493,0.4059,0.4067,
1.457,0.2313,0.02903,0.01527,0.01439,0.03785,0.01112,0.01819,0.006569,0.02534,0.02201,0.008493,0.4059,0.4058,
1.458,0.2216,0.02885,0.01525,0.0144,0.03788,0.01112,0.01819,0.00664,0.02553,0.02213,0.008491,0.4058,0.4057,
1.457,0.2925,0.02868,0.01521,0.01442,0.03773,0.01112,0.01819,0.0067,0.02563,0.02211,0.008493,0.4059,0.4058,
1.457,0.2235,0.02857,0.01515,0.01442,0.03762,0.0112,0.01815,0.006661,0.02577,0.02198,0.008496,0.4061,0.4059,
1.458,0.2285,0.02804,0.01541,0.01443,0.03781,0.0111,0.0181,0.006657,0.02576,0.02254,0.008491,0.4058,0.4058,
1.459,0.2515,0.02797,0.01548,0.01443,0.03773,0.01109,0.01814,0.006687,0.02575,0.02293,0.008488,0.4057,0.4056,
1.456,0.2583,0.02752,0.01533,0.01441,0.03775,0.01087,0.01814,0.00672,0.02614,0.0225,0.008488,0.4057,0.4064,
1.455,0.257,0.02721,0.01531,0.01443,0.03802,0.0107,0.0181,0.006722,0.02615,0.0223,0.008491,0.4058,0.4067,
1.458,0.2388,0.02814,0.01532,0.01443,0.03813,0.01064,0.01806,0.00672,0.02637,0.0224,0.008489,0.4057,0.4056,
1.457,0.2596,0.02809,0.01529,0.01445,0.03806,0.01058,0.01803,0.006762,0.0268,0.02193,0.00849,0.4058,0.4057,
1.457,0.2842,0.02827,0.0153,0.01446,0.03804,0.0103,0.01802,0.006794,0.02703,0.02184,0.008489,0.4057,0.4057,
1.458,0.2091,0.02801,0.01535,0.01448,0.03818,0.01213,0.01615,0.006786,0.02707,0.02177,0.008489,0.4058,0.4058,
1.457,0.2281,0.02783,0.01535,0.0145,0.03824,0.01195,0.01615,0.006786,0.02707,0.02177,0.00849,0.4058,0.4061,
1.456,0.2557,0.02774,0.0153,0.01452,0.03814,0.01177,0.01624,0.006739,0.02704,0.02178,0.008492,0.4059,0.4063,
1.46,0.2146,0.02758,0.0153,0.01454,0.0382,0.01178,0.01625,0.02154,0.01226,0.0214,0.008497,0.4061,0.4065,
1.466,0.2153,0.02835,0.01524,0.01452,0.03807,0.01158,0.01623,0.02153,0.01221,0.02334,0.008482,0.4054,0.405,
1.465,0.1952,0.02774,0.01534,0.01453,0.03809,0.01162,0.01619,0.02153,0.01241,0.02314,0.008483,0.4055,0.4055,
1.465,0.2095,0.02762,0.01534,0.01454,0.03815,0.01166,0.01615,0.02154,0.01286,0.02258,0.008485,0.4055,0.4056,
1.466,0.1966,0.02778,0.01538,0.01454,0.03814,0.01155,0.01615,0.02153,0.01326,0.02243,0.008483,0.4055,0.4053,
1.465,0.2247,0.02728,0.01548,0.01461,0.0382,0.01155,0.01619,0.0215,0.01388,0.02182,0.008486,0.4056,0.4054,
1.465,0.2044,0.02713,0.01548,0.01464,0.03821,0.01151,0.01615,0.0215,0.01388,0.02182,0.008487,0.4056,0.4056,
1.463,0.2127,0.02693,0.01551,0.01464,0.03818,0.01112,0.01616,0.02151,0.01416,0.02139,0.00849,0.4058,0.4061,
1.462,0.2073,0.02723,0.01545,0.01451,0.03817,0.01089,0.01616,0.02151,0.0142,0.02141,0.008491,0.4058,0.4061,
1.46,0.1986,0.02694,0.01533,0.01449,0.03807,0.01073,0.01616,0.02152,0.01433,0.02129,0.008493,0.4059,0.4067,
1.465,0.2171,0.02777,0.01527,0.01452,0.0381,0.01072,0.01615,0.0215,0.01442,0.02205,0.008487,0.4057,0.4054,
1.462,0.223,0.02769,0.01523,0.01453,0.038,0.01053,0.01615,0.02587,0.01025,0.02211,0.008487,0.4056,0.4055,
1.461,0.198,0.02764,0.01525,0.01452,0.03792,0.01039,0.01615,0.02592,0.01036,0.02197,0.008488,0.4057,0.4057,
1.46,0.1998,0.0275,0.01523,0.01429,0.0379,0.01044,0.0161,0.02592,0.0106,0.02174,0.008489,0.4057,0.4061,
1.46,0.1929,0.02742,0.01527,0.01429,0.0379,0.01036,0.0161,0.02598,0.01062,0.02165,0.008489,0.4057,0.4062,
1.458,0.2107,0.02716,0.01521,0.01423,0.03794,0.01026,0.01617,0.02592,0.01079,0.0215,0.008491,0.4058,0.4065,
1.455,0.2278,0.02677,0.01532,0.01412,0.03766,0.009921,0.01618,0.02593,0.01108,0.02112,0.008496,0.4061,0.4073,
1.461,0.1999,0.02799,0.01535,0.01413,0.03757,0.00988,0.01616,0.02591,0.01149,0.0214,0.008492,0.4059,0.4057,
1.459,0.1968,0.02775,0.01539,0.01414,0.03761,0.009701,0.01617,0.02593,0.01193,0.02053,0.008497,0.4061,0.4062,
1.457,0.2275,0.02746,0.01559,0.01414,0.0373,0.009493,0.01618,0.02594,0.01201,0.02047,0.008501,0.4063,0.4066,
1.456,0.2006,0.02717,0.01557,0.01414,0.03748,0.009285,0.01614,0.02594,0.0123,0.02006,0.008503,0.4064,0.407,
1.455,0.2084,0.02709,0.01552,0.01417,0.03747,0.009234,0.01617,0.02588,0.01276,0.01961,0.008504,0.4065,0.4071,
1.457,0.215,0.02799,0.01544,0.01421,0.03741,0.009016,0.01617,0.02588,0.01284,0.01977,0.008503,0.4064,0.4064,
1.457,0.2261,0.0278,0.01543,0.0142,0.03737,0.008935,0.01617,0.02588,0.013,0.01962,0.008505,0.4065,0.4066,
1.458,0.2019,0.02785,0.01538,0.01423,0.03723,0.008933,0.01624,0.02584,0.01304,0.01998,0.008503,0.4064,0.4063,
1.457,0.2115,0.02766,0.0154,0.01423,0.03724,0.008975,0.01625,0.0258,0.01315,0.01989,0.008504,0.4065,0.4064,
1.447,0.2681,0.0272,0.01547,0.01427,0.03727,0.008977,0.0356,0.006457,0.01322,0.01982,0.008507,0.4066,0.4066,
1.446,0.2149,0.02698,0.01546,0.01429,0.03738,0.008977,0.03557,0.00641,0.0133,0.01967,0.008508,0.4067,0.4068,
1.445,0.212,0.02684,0.01543,0.01426,0.03738,0.008937,0.03557,0.006411,0.01337,0.0196,0.008509,0.4067,0.407,
1.449,0.2113,0.02701,0.01541,0.01425,0.03723,0.00897,0.03549,0.006404,0.0136,0.02057,0.008501,0.4063,0.4062,
1.446,0.2327,0.02715,0.01539,0.01427,0.03721,0.008884,0.03553,0.006443,0.01358,0.01973,0.008509,0.4067,0.4066,
1.446,0.2345,0.02693,0.01546,0.01426,0.03719,0.008885,0.03557,0.006411,0.01368,0.01963,0.008511,0.4068,0.4067,
1.446,0.2272,0.02668,0.01555,0.01426,0.03715,0.03517,0.009301,0.006414,0.01368,0.01945,0.008515,0.407,0.4068,
1.445,0.2755,0.0266,0.01549,0.01425,0.03717,0.03525,0.009277,0.006363,0.01389,0.01925,0.008516,0.4071,0.4069,
1.446,0.2283,0.02711,0.01547,0.01426,0.03717,0.03476,0.009275,0.006361,0.01388,0.01948,0.008514,0.407,0.4067,
1.445,0.2856,0.02701,0.01549,0.01417,0.03714,0.03453,0.009307,0.006329,0.01397,0.01941,0.008515,0.407,0.4071,
1.442,0.2236,0.02689,0.01547,0.01419,0.03717,0.0334,0.009334,0.006304,0.01397,0.01941,0.008516,0.4071,0.4083,
1.447,0.2044,0.02841,0.01539,0.01419,0.03703,0.03277,0.009375,0.006251,0.01467,0.01955,0.00851,0.4068,0.4071,
1.448,0.2061,0.02871,0.0154,0.01419,0.03729,0.03223,0.009328,0.006247,0.01482,0.02008,0.008505,0.4065,0.4067,
1.446,0.2166,0.02824,0.01539,0.0142,0.03742,0.03143,0.00937,0.006206,0.01597,0.01894,0.008505,0.4065,0.4078,
1.444,0.2164,0.02794,0.01544,0.0142,0.03744,0.03097,0.009333,0.006208,0.01623,0.01869,0.008507,0.4066,0.4084,
1.45,0.2037,0.03058,0.01518,0.0142,0.03735,0.03028,0.009329,0.006314,0.01626,0.01918,0.008503,0.4064,0.4064,
1.448,0.2049,0.03014,0.0152,0.01409,0.03759,0.02986,0.00933,0.006314,0.017,0.01844,0.008504,0.4065,0.4071,
1.443,0.2413,0.02994,0.01516,0.01408,0.03767,0.02815,0.0094,0.00628,0.01729,0.01805,0.008506,0.4066,0.4089,
1.442,0.2274,0.02976,0.01519,0.01408,0.03776,0.0279,0.0094,0.00628,0.01778,0.01756,0.008506,0.4066,0.4092,
1.441,0.2218,0.02947,0.01515,0.01409,0.03779,0.02752,0.009402,0.006347,0.01772,0.01757,0.008508,0.4067,0.4097,
1.439,0.2392,0.02922,0.01524,0.0141,0.03777,0.02712,0.009404,0.006348,0.01787,0.01743,0.00851,0.4068,0.4102,
1.435,0.2244,0.02887,0.01518,0.01411,0.03774,0.02594,0.009406,0.006382,0.01806,0.01721,0.008512,0.4069,0.4117,
1.445,0.2111,0.03388,0.01511,0.0141,0.03765,0.02495,0.009434,0.006357,0.01822,0.01707,0.008514,0.4069,0.4078,
1.443,0.2195,0.03364,0.01511,0.01412,0.03766,0.0247,0.009436,0.006358,0.01838,0.01691,0.008515,0.407,0.4082,
1.442,0.2271,0.03352,0.01512,0.01412,0.03774,0.02439,0.009416,0.006432,0.01868,0.01646,0.008516,0.4071,0.4085,
1.447,0.2184,0.0352,0.0151,0.01411,0.03769,0.02397,0.0094,0.006416,0.01871,0.01709,0.008512,0.4069,0.4069,
1.444,0.2165,0.03515,0.01505,0.01412,0.03768,0.02368,0.009407,0.00642,0.01872,0.01652,0.008518,0.4072,0.4075,
1.443,0.2136,0.03504,0.01503,0.01413,0.03776,0.02349,0.009408,0.006421,0.01884,0.01641,0.008519,0.4072,0.4078,
1.445,0.2178,0.03561,0.01494,0.01414,0.03785,0.02333,0.009403,0.006417,0.01883,0.0168,0.008517,0.4071,0.4071,
1.447,0.2245,0.03577,0.01493,0.01413,0.03772,0.02315,0.009356,0.006413,0.01889,0.0175,0.008511,0.4068,0.4068,
1.446,0.2352,0.03567,0.01491,0.01415,0.03776,0.02297,0.009341,0.006387,0.01905,0.01735,0.008512,0.4069,0.407,
1.446,0.2216,0.0358,0.01487,0.01417,0.03766,0.02243,0.009339,0.00645,0.02164,0.01515,0.008509,0.4067,0.4072,
1.446,0.2346,0.03605,0.01494,0.01418,0.03772,0.02199,0.009338,0.00649,0.02164,0.01534,0.008509,0.4067,0.4071,
1.444,0.2291,0.03593,0.01494,0.0142,0.03773,0.0212,0.009339,0.006524,0.02161,0.01534,0.00851,0.4068,0.4079,
1.448,0.2241,0.03744,0.01488,0.0142,0.03755,0.02085,0.009387,0.006472,0.02168,0.01584,0.008507,0.4067,0.4065,
1.445,0.2333,0.03714,0.01493,0.01421,0.03758,0.02027,0.00936,0.006514,0.02178,0.01571,0.008509,0.4068,0.4072,
1.443,0.236,0.03661,0.01488,0.01422,0.03786,0.02004,0.009324,0.006572,0.02191,0.0154,0.008514,0.407,0.4077,
1.447,0.2405,0.03749,0.01478,0.0142,0.03775,0.01998,0.009319,0.006569,0.02203,0.01597,0.00851,0.4068,0.4066,
1.447,0.2227,0.03747,0.01491,0.01422,0.03754,0.01974,0.009321,0.00657,0.02207,0.0161,0.008511,0.4068,0.4067,
1.445,0.2291,0.03709,0.01495,0.01425,0.03758,0.01935,0.009322,0.006612,0.02203,0.01611,0.008512,0.4069,0.4073,
1.444,0.2145,0.03703,0.01495,0.01424,0.03757,0.01921,0.009253,0.006653,0.02212,0.01599,0.008507,0.4069,0.4076,
1.445,0.2238,0.03788,0.01503,0.01426,0.03746,0.01876,0.009253,0.006718,0.0222,0.01602,0.008504,0.4069,0.407,
1.442,0.2344,0.03773,0.01497,0.01425,0.03728,0.01806,0.009254,0.006718,0.02228,0.01595,0.008507,0.4071,0.4079,
1.441,0.2431,0.03745,0.01516,0.01426,0.03728,0.01759,0.009255,0.006718,0.02228,0.01595,0.008508,0.4071,0.4084,
1.443,0.2671,0.03908,0.01512,0.01424,0.03733,0.01681,0.009282,0.006725,0.02225,0.01611,0.008508,0.4071,0.4074,
1.441,0.2433,0.03856,0.01506,0.01427,0.03746,0.01681,0.009243,0.006726,0.02274,0.01564,0.008511,0.4073,0.4077,
1.44,0.2204,0.03846,0.01504,0.01428,0.03742,0.01666,0.009245,0.006728,0.02274,0.01556,0.008512,0.4074,0.408,
1.439,0.2335,0.03827,0.01512,0.01429,0.03741,0.01629,0.009246,0.00677,0.02278,0.01548,0.008514,0.4074,0.4084,
1.437,0.2437,0.03783,0.01516,0.01421,0.03761,0.016,0.009249,0.006903,0.02285,0.0152,0.008516,0.4075,0.4089,
1.442,0.2496,0.03943,0.0153,0.0142,0.03752,0.01516,0.009242,0.007137,0.0227,0.01604,0.008509,0.4073,0.4075,
1.441,0.2521,0.0391,0.01545,0.0142,0.03747,0.01516,0.009313,0.007071,0.0227,0.01604,0.008512,0.4074,0.4076,
1.445,0.2642,0.03896,0.01548,0.01409,0.03765,0.01704,0.007239,0.01612,0.01364,0.0167,0.008507,0.4072,0.4074,
1.444,0.238,0.03888,0.01548,0.01401,0.03757,0.01694,0.007281,0.01608,0.01364,0.0167,0.008508,0.4072,0.4077,
1.447,0.2494,0.03926,0.01548,0.01401,0.03756,0.0166,0.007275,0.01607,0.01363,0.0177,0.008501,0.4069,0.407,
1.448,0.2413,0.03945,0.01545,0.01403,0.03758,0.01649,0.007275,0.01607,0.01377,0.01765,0.008502,0.4069,0.4068,
1.446,0.2188,0.03913,0.01546,0.01404,0.03749,0.01626,0.007277,0.01607,0.01377,0.01766,0.008504,0.407,0.4073,
1.449,0.2389,0.03932,0.01544,0.01403,0.03743,0.01624,0.007272,0.01606,0.0138,0.01858,0.008498,0.4067,0.4066,
1.447,0.2406,0.03921,0.01536,0.01408,0.03735,0.01605,0.007299,0.01824,0.01159,0.01858,0.0085,0.4068,0.4069,
1.446,0.2418,0.03888,0.01544,0.01411,0.03737,0.0159,0.007301,0.01824,0.01159,0.01859,0.008502,0.4069,0.4072,
1.445,0.2398,0.0385,0.01545,0.01411,0.03755,0.01565,0.007262,0.01828,0.01156,0.01859,0.008504,0.407,0.4075,
1.446,0.2652,0.03903,0.01556,0.01411,0.03748,0.01536,0.007288,0.01825,0.01156,0.01878,0.008504,0.407,0.4071,
1.439,0.2642,0.03918,0.01556,0.01411,0.03774,0.01478,0.00727,0.02569,0.004083,0.01955,0.008499,0.4068,0.4067,
1.44,0.2317,0.03925,0.01548,0.0141,0.03788,0.0146,0.007269,0.02569,0.004124,0.0197,0.008499,0.4068,0.4066,
1.439,0.2371,0.03896,0.01572,0.0141,0.0379,0.01412,0.007247,0.02569,0.004518,0.0193,0.008499,0.4068,0.4071,
1.44,0.2425,0.03931,0.01574,0.01411,0.03816,0.01391,0.007302,0.02564,0.004664,0.01927,0.0085,0.4068,0.4065,
1.435,0.243,0.03915,0.01577,0.01412,0.03806,0.01828,0.002743,0.02563,0.004957,0.01938,0.008498,0.4068,0.4066,
1.435,0.2471,0.03899,0.01582,0.01412,0.03811,0.01811,0.002743,0.02569,0.004978,0.0193,0.008499,0.4068,0.4068,
1.434,0.2534,0.03887,0.01576,0.01411,0.03813,0.01808,0.002771,0.02563,0.005237,0.01891,0.008502,0.4069,0.4071,
1.434,0.2479,0.03866,0.01576,0.01411,0.03816,0.01808,0.002839,0.02557,0.005674,0.01848,0.008504,0.407,0.4071,
1.434,0.2457,0.03849,0.01581,0.01411,0.03819,0.018,0.002839,0.02557,0.005822,0.01834,0.008504,0.4071,0.4073,
1.437,0.2558,0.03868,0.0158,0.01412,0.03813,0.0177,0.002835,0.02554,0.005814,0.01967,0.008493,0.4065,0.4067,
1.434,0.2577,0.03834,0.01598,0.01411,0.03821,0.01681,0.002877,0.02551,0.005925,0.0194,0.008495,0.4066,0.4077,
1.434,0.2221,0.03809,0.016,0.01411,0.03833,0.01673,0.002876,0.02551,0.006345,0.0189,0.008497,0.4067,0.4079,
1.431,0.2248,0.03952,0.01597,0.0141,0.03835,0.01433,0.00285,0.02547,0.00706,0.01865,0.008445,0.4066,0.4087,
1.428,0.2219,0.03943,0.01588,0.01395,0.03823,0.01393,0.002851,0.02548,0.007063,0.01852,0.008449,0.4068,0.4094,
1.426,0.2354,0.03868,0.01596,0.01396,0.03856,0.01345,0.002886,0.02539,0.007064,0.01852,0.00845,0.4068,0.4103,
1.424,0.2466,0.0384,0.01586,0.01393,0.0386,0.01334,0.002879,0.02537,0.007107,0.01849,0.008453,0.407,0.4106,
1.433,0.2457,0.04193,0.01608,0.01395,0.03856,0.01303,0.002858,0.02537,0.007107,0.01871,0.008452,0.4069,0.407,
1.432,0.2445,0.04182,0.01603,0.01399,0.03844,0.01303,0.002858,0.02542,0.007068,0.01872,0.008454,0.407,0.4071,
1.431,0.2604,0.04153,0.01591,0.01402,0.0385,0.01298,0.002818,0.02543,0.00707,0.01872,0.008457,0.4072,0.4074,
1.43,0.2583,0.04113,0.0159,0.01403,0.03852,0.01289,0.002865,0.02539,0.007072,0.01873,0.00846,0.4073,0.4077,
1.43,0.2587,0.04068,0.01598,0.01395,0.03868,0.01281,0.002865,0.02539,0.007717,0.01809,0.008461,0.4074,0.408,
1.429,0.2345,0.04058,0.01593,0.01394,0.03862,0.01273,0.002865,0.0254,0.008003,0.01781,0.008463,0.4075,0.4082,
1.428,0.2277,0.04044,0.01586,0.01394,0.03853,0.01263,0.002864,0.02541,0.008007,0.01771,0.008467,0.4076,0.4085,
1.427,0.2318,0.04008,0.01597,0.01393,0.03851,0.0125,0.002864,0.02548,0.008028,0.01764,0.00847,0.4078,0.4088,
1.426,0.235,0.03975,0.01586,0.01396,0.03871,0.01236,0.002864,0.02549,0.00803,0.01764,0.008472,0.4079,0.409,
1.432,0.2177,0.04055,0.01597,0.01395,0.03877,0.01226,0.002861,0.02546,0.008023,0.01892,0.008464,0.4075,0.4073,
1.431,0.2193,0.04036,0.01595,0.01382,0.03889,0.01226,0.002861,0.02547,0.008245,0.0187,0.008465,0.4075,0.4074,
1.433,0.2231,0.04046,0.01589,0.0139,0.03888,0.01217,0.002859,0.02546,0.008242,0.01929,0.008462,0.4074,0.407,
1.432,0.2281,0.03924,0.01608,0.0139,0.03923,0.01196,0.002858,0.02552,0.00816,0.01989,0.008458,0.4072,0.4075,
1.431,0.2221,0.03896,0.01613,0.01394,0.03921,0.01214,0.002588,0.02553,0.008162,0.01981,0.008461,0.4074,0.4077,
1.43,0.2307,0.03868,0.01614,0.01395,0.03906,0.01215,0.002589,0.02554,0.00824,0.01974,0.008464,0.4075,0.4079,
1.43,0.2257,0.03841,0.01608,0.01399,0.03904,0.01215,0.002588,0.02555,0.008243,0.01975,0.008467,0.4076,0.4081,
1.441,0.2282,0.03854,0.016,0.01401,0.03926,0.01189,0.01512,0.013,0.008392,0.01995,0.008466,0.4076,0.4078,
1.44,0.2232,0.03837,0.016,0.014,0.03921,0.0118,0.01512,0.013,0.008462,0.01989,0.008467,0.4077,0.408,
1.443,0.237,0.03912,0.01576,0.01389,0.03927,0.01168,0.01509,0.01299,0.008545,0.02039,0.008464,0.4075,0.4073,
1.445,0.2374,0.03902,0.01565,0.01383,0.03938,0.01137,0.01507,0.01302,0.008535,0.02171,0.008455,0.4071,0.4069,
1.445,0.2186,0.03892,0.01567,0.01373,0.03935,0.01128,0.01507,0.01301,0.008532,0.0222,0.008451,0.4069,0.4069,
1.448,0.2225,0.03816,0.01592,0.01366,0.03928,0.0111,0.01501,0.013,0.00852,0.0239,0.008439,0.4063,0.4067,
1.446,0.2227,0.0376,0.01617,0.01366,0.03936,0.01069,0.01501,0.013,0.008605,0.02374,0.008442,0.4065,0.4073,
1.445,0.2301,0.0375,0.01615,0.01367,0.03935,0.01053,0.01502,0.01303,0.008681,0.02363,0.008443,0.4065,0.4075,
1.448,0.2389,0.03842,0.01619,0.01368,0.03952,0.01053,0.01502,0.01303,0.00868,0.02386,0.008443,0.4065,0.4062,
1.447,0.2469,0.03771,0.01621,0.0137,0.03945,0.01053,0.01502,0.01304,0.008682,0.02386,0.008445,0.4066,0.4068,
1.446,0.2393,0.03717,0.01611,0.01372,0.03986,0.01053,0.01502,0.01307,0.008836,0.02368,0.008447,0.4067,0.4069,
1.446,0.244,0.0373,0.01609,0.01373,0.03966,0.01054,0.01497,0.01313,0.00953,0.0226,0.008455,0.4071,0.4069,
1.445,0.243,0.03691,0.01611,0.01373,0.03984,0.01043,0.01497,0.01313,0.009532,0.02261,0.008457,0.4072,0.4071,
1.444,0.2353,0.03661,0.01613,0.01373,0.03991,0.01038,0.01497,0.01318,0.009558,0.02255,0.008459,0.4073,0.4073,
1.442,0.2418,0.03628,0.0162,0.01375,0.0401,0.01039,0.01499,0.0132,0.009971,0.02122,0.00847,0.4078,0.4076,
1.44,0.2417,0.03571,0.01611,0.01377,0.0405,0.01019,0.015,0.0132,0.009925,0.02107,0.008474,0.408,0.4081,
1.441,0.2393,0.03574,0.01604,0.01377,0.04042,0.009986,0.01499,0.01325,0.009859,0.02189,0.008469,0.4078,0.4078,
1.443,0.2333,0.03595,0.01601,0.01376,0.04035,0.009883,0.01498,0.01325,0.01027,0.02192,0.008466,0.4076,0.4075,
1.441,0.2274,0.03574,0.01598,0.01377,0.04018,0.009709,0.01499,0.01325,0.01028,0.02193,0.00847,0.4078,0.4079,
1.439,0.244,0.035,0.01593,0.01382,0.04029,0.009579,0.01504,0.01325,0.01024,0.02193,0.008472,0.4079,0.4086,
1.441,0.237,0.0357,0.01593,0.0138,0.04038,0.00938,0.01504,0.01328,0.01027,0.0222,0.008471,0.4078,0.4077,
1.441,0.2295,0.03556,0.01597,0.01382,0.04019,0.009279,0.01509,0.01325,0.01051,0.02197,0.008473,0.408,0.4079,
1.44,0.2323,0.03544,0.01594,0.01385,0.04016,0.00918,0.01509,0.01325,0.01088,0.0216,0.008475,0.408,0.4081,
1.441,0.2476,0.0357,0.01597,0.01386,0.04007,0.009093,0.01509,0.01325,0.01088,0.0219,0.008474,0.408,0.4077,
1.439,0.2401,0.03533,0.01594,0.0138,0.04001,0.008905,0.01508,0.01322,0.01109,0.0217,0.008475,0.4081,0.4084,
1.441,0.2483,0.03565,0.01595,0.01379,0.03981,0.008808,0.01507,0.01321,0.01109,0.02238,0.008472,0.4079,0.4078,
1.442,0.225,0.03529,0.01599,0.01378,0.03984,0.008802,0.01507,0.01325,0.01104,0.02319,0.008382,0.4077,0.4077,
1.442,0.2292,0.0351,0.01599,0.01379,0.03984,0.008805,0.01507,0.01325,0.01105,0.02306,0.008385,0.4078,0.4078,
1.44,0.2352,0.03489,0.01604,0.0136,0.03985,0.00856,0.01512,0.01327,0.01106,0.02289,0.00837,0.4079,0.4084,
1.443,0.2453,0.03532,0.01603,0.01349,0.03993,0.008418,0.01506,0.01326,0.01105,0.02398,0.008362,0.4076,0.4075,
1.445,0.2279,0.03545,0.01599,0.01349,0.03985,0.008363,0.01504,0.01335,0.01108,0.02468,0.008356,0.4072,0.4071,
1.444,0.2374,0.03525,0.01592,0.01349,0.03979,0.00824,0.01499,0.01335,0.01179,0.02399,0.008359,0.4074,0.4074,
1.437,0.2323,0.03511,0.01593,0.01349,0.03978,0.008237,0.02424,0.004158,0.0118,0.0245,0.008356,0.4072,0.4072,
1.436,0.2468,0.03471,0.01626,0.0135,0.03978,0.008243,0.02428,0.004135,0.01181,0.02387,0.008353,0.4076,0.4075,
1.436,0.2436,0.03447,0.01627,0.0135,0.03976,0.008263,0.02426,0.004135,0.01185,0.02426,0.008352,0.4075,0.4074,
1.436,0.2417,0.03447,0.01637,0.01348,0.03982,0.007994,0.02426,0.004135,0.01189,0.02442,0.008352,0.4075,0.4073,
1.436,0.2421,0.03434,0.01636,0.01339,0.03978,0.007995,0.02432,0.004074,0.01213,0.02419,0.008354,0.4076,0.4075,
1.436,0.2496,0.03409,0.0164,0.0134,0.03981,0.007996,0.02433,0.00413,0.01254,0.02373,0.008354,0.4076,0.4076,
1.437,0.2528,0.03409,0.01641,0.01339,0.03974,0.007992,0.02431,0.004127,0.01293,0.02397,0.00835,0.4074,0.4073,
1.437,0.2471,0.03387,0.01641,0.01339,0.03977,0.008023,0.02428,0.004128,0.01309,0.02381,0.008352,0.4075,0.4074,
1.436,0.2525,0.03366,0.01639,0.01341,0.03977,0.007806,0.02428,0.004162,0.0131,0.02378,0.008354,0.4076,0.4077,
1.435,0.2676,0.03345,0.01634,0.01343,0.03978,0.007806,0.02428,0.004163,0.01341,0.02348,0.008355,0.4076,0.4079,
1.416,0.236,0.03408,0.01645,0.01353,0.04018,0.007865,0.02449,0.004197,0.01347,0.01549,0.008425,0.411,0.4108,
1.415,0.25,0.03384,0.01642,0.01354,0.04027,0.007731,0.02449,0.004258,0.01341,0.01549,0.008426,0.4111,0.411,
1.417,0.2539,0.03375,0.01633,0.01362,0.04013,0.007747,0.02445,0.004255,0.0134,0.01629,0.008421,0.4108,0.4107,
1.418,0.2528,0.03359,0.01634,0.01362,0.0401,0.007743,0.02444,0.004253,0.01373,0.01657,0.008417,0.4106,0.4105,
1.418,0.2359,0.03346,0.01633,0.01363,0.04018,0.007743,0.02444,0.004253,0.01373,0.01658,0.008417,0.4107,0.4106,
1.419,0.2591,0.03336,0.01629,0.01362,0.04016,0.007743,0.02447,0.004291,0.0138,0.01668,0.008416,0.4106,0.4105,
1.418,0.2583,0.03337,0.01625,0.01365,0.04007,0.007651,0.02452,0.004239,0.01388,0.01652,0.008418,0.4107,0.4107,
1.42,0.2574,0.03342,0.01632,0.01365,0.03978,0.007697,0.02446,0.004237,0.01413,0.01695,0.008415,0.4105,0.4104,
1.419,0.273,0.03308,0.01634,0.01363,0.03983,0.007595,0.02452,0.004186,0.01414,0.01707,0.008416,0.4106,0.4106,
1.418,0.264,0.03294,0.01628,0.01359,0.0398,0.007596,0.02452,0.004187,0.01427,0.01694,0.008417,0.4107,0.4108,
1.418,0.2644,0.03275,0.01623,0.01359,0.03995,0.007638,0.02448,0.00422,0.01439,0.01694,0.008419,0.4107,0.4107,
1.417,0.2449,0.03259,0.01623,0.01359,0.03995,0.007562,0.02449,0.004173,0.01439,0.01694,0.00842,0.4108,0.4108,
1.417,0.2371,0.03252,0.01624,0.01358,0.03992,0.00749,0.0245,0.004173,0.01439,0.01694,0.00842,0.4108,0.411,
1.417,0.249,0.0324,0.01626,0.01358,0.03984,0.007533,0.02446,0.004174,0.01444,0.01691,0.008422,0.4109,0.4111,
1.42,0.2517,0.03244,0.01643,0.01358,0.0398,0.007402,0.02438,0.00417,0.01447,0.01802,0.008415,0.4106,0.4103,
1.421,0.2581,0.03227,0.01641,0.01359,0.03975,0.007427,0.02434,0.00417,0.01446,0.01842,0.008413,0.4105,0.4103,
1.42,0.2568,0.03191,0.01637,0.01358,0.0398,0.007466,0.02435,0.00413,0.01447,0.01842,0.008416,0.4106,0.4105,
1.419,0.2331,0.03152,0.01658,0.01359,0.03976,0.007467,0.02436,0.00413,0.01457,0.01833,0.008418,0.4107,0.4106,
1.419,0.239,0.03079,0.0166,0.01359,0.04019,0.007549,0.02428,0.004131,0.01478,0.01813,0.00842,0.4108,0.4107,
1.42,0.2446,0.03034,0.01655,0.01361,0.04045,0.007443,0.02427,0.004171,0.01473,0.01882,0.008416,0.4106,0.4106,
1.415,0.2608,0.02944,0.01624,0.01357,0.04042,0.007405,0.02427,0.004173,0.01482,0.01839,0.008421,0.4109,0.412,
1.421,0.2397,0.03062,0.0162,0.01357,0.04027,0.007324,0.02425,0.01426,0.004822,0.01926,0.008414,0.4105,0.4105,
1.425,0.2358,0.03045,0.01614,0.01356,0.04011,0.007314,0.02426,0.0142,0.004815,0.02088,0.008402,0.41,0.4099,
1.424,0.2466,0.03022,0.0161,0.01356,0.04007,0.007315,0.02427,0.01421,0.005084,0.02062,0.008405,0.4101,0.41,
1.424,0.2355,0.02991,0.01614,0.0136,0.03995,0.007307,0.02423,0.01425,0.005946,0.01973,0.008407,0.4102,0.4103,
1.424,0.2428,0.02983,0.01607,0.01353,0.03982,0.007305,0.02424,0.01425,0.00615,0.01954,0.00841,0.4103,0.4105,
1.422,0.2277,0.02972,0.01601,0.01353,0.03988,0.007217,0.02438,0.01413,0.006476,0.01885,0.008414,0.4106,0.4108,
1.425,0.255,0.03021,0.01591,0.01351,0.03974,0.007039,0.02436,0.01412,0.006581,0.0198,0.008407,0.4102,0.4101,
1.425,0.2396,0.02998,0.01586,0.01352,0.03969,0.007082,0.02438,0.01414,0.006654,0.01968,0.00841,0.4103,0.4103,
1.424,0.2425,0.0298,0.01584,0.01339,0.0396,0.007114,0.02434,0.01414,0.006862,0.01948,0.008412,0.4104,0.4106,
1.424,0.2241,0.0299,0.01583,0.01339,0.03967,0.007025,0.02434,0.0142,0.00688,0.01946,0.008413,0.4105,0.4104,
1.428,0.2419,0.0296,0.01574,0.01344,0.03975,0.007015,0.02431,0.01419,0.006947,0.02086,0.008402,0.4099,0.4098,
1.428,0.2435,0.02931,0.01574,0.01343,0.03985,0.006858,0.0243,0.01422,0.007164,0.02114,0.008399,0.4098,0.4098,
1.428,0.2384,0.02898,0.01582,0.01336,0.03981,0.006856,0.02431,0.01427,0.007241,0.02103,0.008401,0.4099,0.41,
1.427,0.2608,0.02885,0.01586,0.01339,0.03974,0.006857,0.02437,0.01422,0.007242,0.02104,0.008402,0.41,0.4101,
1.426,0.2614,0.02875,0.01584,0.01344,0.0396,0.006652,0.02437,0.01422,0.007244,0.02104,0.008404,0.4101,0.4104,
1.425,0.2609,0.02867,0.01584,0.01344,0.03948,0.006564,0.02438,0.01422,0.007322,0.02089,0.008407,0.4102,0.4106,
1.424,0.2481,0.02837,0.01589,0.01344,0.03955,0.006378,0.02438,0.01423,0.007323,0.02089,0.008409,0.4103,0.4108,
1.422,0.2427,0.02799,0.01578,0.01341,0.03954,0.006379,0.02439,0.01423,0.007324,0.02089,0.00841,0.4103,0.4113,
1.421,0.2382,0.02767,0.01574,0.01342,0.0396,0.006295,0.02439,0.01423,0.007395,0.02083,0.008412,0.4105,0.4115,
1.421,0.235,0.02764,0.01565,0.01343,0.0396,0.006297,0.0244,0.01424,0.007397,0.02068,0.008415,0.4106,0.4117,
1.421,0.2393,0.02739,0.01573,0.01346,0.03965,0.006297,0.0244,0.01424,0.007778,0.0203,0.008416,0.4106,0.4117,
1.421,0.2362,0.02738,0.0157,0.01347,0.03962,0.00634,0.02436,0.01424,0.008167,0.01992,0.008416,0.4107,0.4117,
1.424,0.2497,0.02856,0.01567,0.01347,0.03958,0.006227,0.02436,0.01424,0.008166,0.02013,0.008415,0.4106,0.4106,
1.423,0.3465,0.02827,0.01569,0.01337,0.03949,0.006176,0.02432,0.01427,0.008209,0.02007,0.008417,0.4107,0.411,
1.422,0.2495,0.02786,0.0157,0.01336,0.03949,0.006175,0.02432,0.01428,0.00821,0.02007,0.008418,0.4107,0.4114,
1.422,0.2399,0.02779,0.01568,0.01338,0.03942,0.006176,0.02433,0.01428,0.008458,0.01982,0.008419,0.4108,0.4115,
1.425,0.2409,0.0285,0.01566,0.01338,0.03933,0.006173,0.02431,0.01427,0.008454,0.02045,0.008414,0.4106,0.4105,
1.424,0.2347,0.02844,0.01567,0.01339,0.03912,0.006079,0.02432,0.01427,0.008653,0.02026,0.008416,0.4107,0.4107,
1.425,0.2451,0.02876,0.01556,0.01347,0.03914,0.005993,0.02432,0.01427,0.008652,0.02047,0.008415,0.4106,0.4104,
1.425,0.2378,0.02852,0.01548,0.01348,0.03917,0.005991,0.02431,0.01427,0.008692,0.02071,0.008414,0.4106,0.4104,
1.424,0.2483,0.02844,0.01547,0.01347,0.03903,0.00588,0.02432,0.01428,0.008798,0.02041,0.008418,0.4108,0.4107,
1.424,0.2304,0.02816,0.01544,0.01349,0.03929,0.005881,0.02435,0.01437,0.009055,0.02003,0.008419,0.4108,0.4107,
1.424,0.24,0.02806,0.01542,0.0135,0.03937,0.005914,0.02432,0.01437,0.009056,0.02003,0.008419,0.4108,0.4107,
1.423,0.2337,0.02805,0.0153,0.01358,0.03934,0.005791,0.02432,0.01442,0.009485,0.01956,0.008412,0.4108,0.4109,
1.423,0.2384,0.02798,0.0153,0.0136,0.03933,0.005792,0.02437,0.01437,0.009486,0.01957,0.008413,0.4109,0.4109,
1.43,0.2866,0.02783,0.01524,0.01361,0.03955,0.01985,0.01029,0.01436,0.01022,0.01953,0.008408,0.4106,0.4105,
1.431,0.2422,0.02764,0.01523,0.01361,0.03959,0.01985,0.01029,0.01436,0.01139,0.01847,0.008408,0.4106,0.4106,
1.43,0.2374,0.02745,0.01521,0.0136,0.03966,0.01931,0.01029,0.01436,0.01145,0.01878,0.008406,0.4105,0.411,
1.426,0.238,0.02646,0.01537,0.01365,0.03955,0.01895,0.01025,0.01437,0.01146,0.01863,0.008409,0.4107,0.4122,
1.43,0.2625,0.02798,0.01538,0.01366,0.03957,0.01876,0.01024,0.01438,0.0114,0.01877,0.008408,0.4106,0.4108,
1.43,0.2405,0.02794,0.01538,0.01367,0.03953,0.01866,0.01024,0.01438,0.01181,0.01836,0.008409,0.4107,0.4109,
1.427,0.241,0.0277,0.01536,0.01367,0.03947,0.01806,0.0103,0.01433,0.01211,0.01807,0.00841,0.4108,0.4118,
1.426,0.2405,0.02739,0.01539,0.01369,0.03944,0.0178,0.0103,0.01437,0.01207,0.01807,0.008411,0.4108,0.4122,
1.433,0.2254,0.02945,0.01534,0.01367,0.03928,0.01743,0.01021,0.01445,0.01196,0.01935,0.008402,0.4104,0.4101,
1.434,0.235,0.0294,0.01528,0.01367,0.03936,0.01694,0.0102,0.01448,0.01191,0.02039,0.008395,0.41,0.4099,
1.435,0.2244,0.02912,0.01539,0.01367,0.03938,0.01693,0.0102,0.01448,0.01202,0.02061,0.008394,0.41,0.4099,
1.433,0.2539,0.02887,0.01541,0.01367,0.03937,0.01625,0.01023,0.01648,0.01424,0.01623,0.008396,0.4101,0.4108,
1.432,0.2388,0.02876,0.01538,0.01367,0.03936,0.01625,0.01023,0.01648,0.01476,0.01571,0.008398,0.4102,0.4108,
1.43,0.2263,0.02995,0.01536,0.0137,0.03933,0.01609,0.01019,0.01654,0.01485,0.01414,0.008412,0.4108,0.4106,
1.429,0.2266,0.02961,0.0154,0.0137,0.03922,0.01604,0.01018,0.01652,0.01486,0.01415,0.008414,0.411,0.411,
1.428,0.2231,0.02949,0.01537,0.01371,0.03923,0.01586,0.01018,0.01652,0.01486,0.01415,0.008416,0.411,0.4112,
1.426,0.2309,0.02936,0.01533,0.01371,0.03924,0.01544,0.01019,0.01652,0.01496,0.01394,0.008417,0.4111,0.4118,
1.425,0.2361,0.02917,0.01529,0.01371,0.03911,0.01545,0.01019,0.01657,0.01496,0.0139,0.008419,0.4112,0.412,
1.424,0.2431,0.02898,0.0153,0.01372,0.03918,0.01527,0.01019,0.01665,0.01488,0.0139,0.00842,0.4112,0.4122,
1.426,0.2557,0.02992,0.0153,0.01374,0.03911,0.01439,0.0153,0.01152,0.01487,0.01456,0.008416,0.411,0.4118,
1.425,0.247,0.02976,0.01539,0.01374,0.03912,0.01402,0.0153,0.01157,0.01491,0.01448,0.008416,0.4111,0.4122,
1.429,0.2259,0.03144,0.01535,0.01372,0.03928,0.01324,0.0153,0.01156,0.01491,0.01507,0.008413,0.4109,0.4108,
1.427,0.2381,0.0314,0.01528,0.01363,0.03928,0.01305,0.01534,0.01152,0.01491,0.01507,0.008414,0.411,0.4111,
1.427,0.2246,0.03125,0.01535,0.01366,0.03912,0.01305,0.01539,0.01151,0.01487,0.01508,0.008416,0.4111,0.4112,
1.426,0.2366,0.03108,0.01538,0.01367,0.03908,0.01295,0.0154,0.01152,0.01518,0.01477,0.008417,0.4111,0.4114,
1.425,0.226,0.03067,0.01532,0.01368,0.03928,0.01267,0.01536,0.01158,0.01513,0.01478,0.00842,0.4112,0.4119,
1.423,0.238,0.03054,0.01527,0.01371,0.03931,0.01242,0.01536,0.01158,0.01513,0.01466,0.008422,0.4114,0.4122,
1.426,0.2403,0.03127,0.01523,0.01371,0.03969,0.01209,0.01536,0.01158,0.01519,0.01519,0.008418,0.4112,0.4111,
1.427,0.2529,0.03096,0.01526,0.01371,0.03977,0.01204,0.01531,0.01158,0.01537,0.01553,0.008417,0.4111,0.411,
1.429,0.2715,0.03105,0.01538,0.01371,0.03961,0.01184,0.0153,0.01676,0.01035,0.01612,0.008412,0.4109,0.4106,
1.428,0.2274,0.03093,0.01538,0.01372,0.03954,0.01166,0.01535,0.01672,0.01035,0.01613,0.008414,0.4109,0.4109,
1.427,0.2479,0.03076,0.01535,0.01372,0.03957,0.01152,0.01535,0.01672,0.01072,0.01576,0.008415,0.411,0.4111,
1.419,0.2269,0.03077,0.01532,0.01377,0.03958,0.01143,0.01535,0.02418,0.003259,0.01596,0.008414,0.411,0.411,
1.419,0.2284,0.03058,0.01534,0.01377,0.03967,0.01144,0.01535,0.02423,0.003218,0.01614,0.008415,0.411,0.4108,
1.418,0.2197,0.03053,0.01529,0.01378,0.03961,0.01118,0.0154,0.02418,0.003218,0.01614,0.008416,0.4111,0.4112,
1.42,0.2408,0.03098,0.01522,0.01379,0.03953,0.01118,0.0154,0.02418,0.003218,0.01647,0.008416,0.411,0.4106,
1.42,0.2525,0.03081,0.01524,0.01377,0.03938,0.01118,0.0154,0.02418,0.003748,0.01595,0.008418,0.4111,0.4108,
1.419,0.236,0.03067,0.01513,0.01378,0.03925,0.01113,0.01534,0.02418,0.003748,0.0162,0.008418,0.4112,0.411,
1.418,0.2517,0.03057,0.01507,0.01369,0.03919,0.01092,0.0154,0.02414,0.003749,0.0162,0.00842,0.4113,0.4114,
1.417,0.2192,0.03035,0.01501,0.01367,0.03918,0.01097,0.01536,0.02414,0.003749,0.01621,0.008422,0.4113,0.4116,
1.417,0.2439,0.02965,0.01502,0.01367,0.03985,0.01096,0.01535,0.02418,0.004111,0.0157,0.008423,0.4114,0.4117,
1.419,0.2774,0.03008,0.01504,0.01367,0.04004,0.01431,0.01183,0.02414,0.00411,0.01592,0.008422,0.4113,0.4111,
1.418,0.2549,0.02994,0.01503,0.01367,0.03991,0.01415,0.01181,0.02414,0.00418,0.01585,0.008424,0.4115,0.4114,
1.417,0.2734,0.02985,0.01501,0.01364,0.0399,0.01403,0.01173,0.02415,0.004311,0.01572,0.008425,0.4115,0.4117,
1.417,0.265,0.03008,0.01495,0.01366,0.03983,0.01403,0.01173,0.02415,0.00465,0.01536,0.008427,0.4116,0.4115,
1.417,0.2538,0.03003,0.01495,0.01368,0.03983,0.01393,0.01179,0.0241,0.004716,0.01529,0.008427,0.4116,0.4117,
1.417,0.2478,0.02984,0.01494,0.01369,0.03989,0.01393,0.01179,0.0241,0.004717,0.0153,0.008428,0.4117,0.4117,
1.419,0.2357,0.02999,0.01489,0.0137,0.03977,0.01392,0.01179,0.0241,0.00519,0.0154,0.008426,0.4116,0.4113,
1.419,0.2502,0.02988,0.01491,0.01373,0.03971,0.01376,0.01174,0.0241,0.005303,0.01544,0.008426,0.4116,0.4115,
1.417,0.2368,0.02965,0.01492,0.01373,0.03977,0.01355,0.01173,0.02409,0.005402,0.01526,0.008428,0.4117,0.4118,
1.406,0.2434,0.02938,0.01489,0.01371,0.03977,0.01064,0.01169,0.02407,0.005453,0.01514,0.008428,0.4117,0.4151,
1.406,0.2647,0.02918,0.01498,0.01371,0.03976,0.01064,0.0117,0.02412,0.005487,0.01507,0.00843,0.4117,0.4152,
1.416,0.2282,0.03276,0.01499,0.01361,0.03963,0.01064,0.01174,0.02407,0.005487,0.01543,0.008429,0.4117,0.4115,
1.417,0.2482,0.03251,0.01508,0.01362,0.0397,0.01064,0.02245,0.01336,0.005625,0.0153,0.00843,0.4117,0.4116,
1.416,0.2541,0.03233,0.01502,0.01364,0.03975,0.01089,0.02218,0.01335,0.005925,0.01499,0.008431,0.4118,0.4117,
1.419,0.2536,0.03214,0.015,0.01361,0.03996,0.01051,0.02216,0.01334,0.005919,0.01617,0.008422,0.4114,0.4114,
1.421,0.2743,0.03191,0.01516,0.0136,0.04021,0.01061,0.02193,0.01333,0.005993,0.01691,0.008416,0.4111,0.4109,
1.42,0.2791,0.03164,0.01519,0.01361,0.0402,0.01043,0.02194,0.01329,0.006367,0.01654,0.008417,0.4111,0.4112,
1.422,0.2412,0.03173,0.01515,0.01362,0.04041,0.01032,0.02193,0.01328,0.006511,0.01688,0.008415,0.411,0.4108,
1.422,0.2592,0.03165,0.01517,0.01363,0.04033,0.01036,0.02189,0.01336,0.006834,0.01649,0.008416,0.4111,0.4108,
1.422,0.2539,0.03159,0.01515,0.01365,0.04029,0.01036,0.02189,0.01336,0.006834,0.01649,0.008416,0.4111,0.4109,
1.424,0.2538,0.03132,0.015,0.01364,0.04016,0.01035,0.02187,0.01334,0.006828,0.01769,0.008408,0.4107,0.4107,
1.424,0.2355,0.0311,0.01501,0.01365,0.04027,0.01035,0.02191,0.0134,0.00673,0.0177,0.008409,0.4108,0.4107,
1.424,0.2426,0.03106,0.01498,0.01367,0.04016,0.01048,0.02183,0.01336,0.006808,0.01762,0.008411,0.4108,0.4108,
1.425,0.2411,0.03116,0.01493,0.01369,0.04016,0.01034,0.02183,0.01331,0.006887,0.0181,0.008408,0.4107,0.4105,
1.426,0.2439,0.0309,0.01507,0.01369,0.04011,0.01015,0.02182,0.01331,0.007008,0.01852,0.008405,0.4105,0.4105,
1.425,0.2507,0.03078,0.01508,0.01375,0.04,0.01015,0.02182,0.01336,0.006961,0.01853,0.008406,0.4106,0.4106,
1.424,0.2561,0.03054,0.01517,0.01371,0.04001,0.009976,0.02183,0.01336,0.007031,0.01846,0.008408,0.4107,0.4108,
1.424,0.2405,0.0304,0.0152,0.01371,0.03994,0.01002,0.02179,0.01336,0.007075,0.01829,0.008411,0.4108,0.411,
1.423,0.2322,0.03025,0.01525,0.01371,0.0398,0.009918,0.0218,0.01337,0.007146,0.01807,0.008414,0.411,0.4113,
1.422,0.2352,0.03,0.01524,0.01373,0.0398,0.00992,0.02181,0.01337,0.007281,0.01786,0.008416,0.4111,0.4115,
1.422,0.253,0.02978,0.01521,0.01377,0.03995,0.009921,0.02181,0.01337,0.007282,0.01786,0.008417,0.4111,0.4115,
1.426,0.2522,0.03019,0.01521,0.01375,0.03974,0.009933,0.02179,0.01332,0.007499,0.01892,0.008408,0.4107,0.4105,
1.426,0.259,0.03005,0.01518,0.01376,0.03973,0.009974,0.02175,0.01332,0.007604,0.01881,0.00841,0.4108,0.4106,
1.426,0.2416,0.02986,0.01518,0.01375,0.03976,0.009858,0.02175,0.01336,0.007602,0.01909,0.008407,0.4107,0.4107,
1.42,0.2499,0.02985,0.01519,0.01366,0.03972,0.009845,0.02166,0.01803,0.002932,0.01909,0.008408,0.4107,0.4109,
1.419,0.2492,0.02976,0.01519,0.01367,0.0396,0.00977,0.02163,0.01806,0.002899,0.0191,0.00841,0.4108,0.4111,
1.419,0.2303,0.0296,0.01517,0.01367,0.03954,0.009769,0.02163,0.01807,0.002981,0.01902,0.008411,0.4109,0.4113,
1.418,0.2531,0.0294,0.01526,0.0137,0.03931,0.009772,0.02164,0.01807,0.003051,0.01896,0.008414,0.411,0.4114,
1.417,0.2575,0.02934,0.01527,0.0137,0.03924,0.009544,0.0216,0.01807,0.003275,0.01874,0.008415,0.4111,0.4118,
1.416,0.2731,0.02912,0.01528,0.0137,0.03914,0.009312,0.02165,0.01802,0.003383,0.0186,0.008417,0.4112,0.4122,
1.42,0.243,0.03058,0.01516,0.01375,0.03896,0.009229,0.02165,0.01802,0.003527,0.01882,0.008417,0.4112,0.4107,
1.419,0.2491,0.03035,0.0152,0.01376,0.03889,0.009112,0.02166,0.01802,0.003528,0.01882,0.008418,0.4112,0.411,
1.419,0.2469,0.03008,0.01521,0.01376,0.03901,0.009,0.02166,0.01803,0.003904,0.01845,0.00842,0.4113,0.4112,
1.421,0.2526,0.02971,0.0152,0.01375,0.03917,0.008806,0.02164,0.01801,0.004447,0.01899,0.008411,0.4109,0.411,
1.424,0.2534,0.02995,0.01519,0.01374,0.03912,0.0088,0.02162,0.018,0.004485,0.01963,0.008406,0.4106,0.4104,
1.423,0.2317,0.02973,0.0152,0.01374,0.03903,0.008802,0.02163,0.018,0.004486,0.01964,0.008408,0.4107,0.4106,
1.425,0.2318,0.02962,0.01521,0.01374,0.03906,0.008696,0.02161,0.01799,0.004627,0.02031,0.008402,0.4104,0.4103,
1.426,0.2289,0.02952,0.01521,0.01375,0.03894,0.008693,0.02161,0.01798,0.004626,0.02082,0.008399,0.4103,0.4102,
1.426,0.2295,0.02924,0.01521,0.01375,0.03902,0.008693,0.02161,0.01799,0.00481,0.02064,0.0084,0.4103,0.4103,
1.426,0.2391,0.02909,0.01516,0.01349,0.03885,0.008722,0.02155,0.01797,0.004807,0.02149,0.008394,0.41,0.4104,
1.425,0.2418,0.02903,0.01519,0.0135,0.03881,0.008528,0.02156,0.01801,0.004766,0.02149,0.008395,0.4101,0.4106,
1.424,0.2578,0.02867,0.01514,0.01351,0.03883,0.008335,0.02156,0.01802,0.004767,0.0215,0.008397,0.4102,0.4111,
1.427,0.2462,0.02985,0.01524,0.01351,0.03871,0.008142,0.02148,0.01807,0.005066,0.0214,0.008396,0.4101,0.41,
1.426,0.255,0.02981,0.01523,0.01351,0.03863,0.008033,0.02152,0.01804,0.005067,0.0214,0.008398,0.4102,0.4102,
1.426,0.2598,0.02954,0.01533,0.0135,0.03859,0.007924,0.02152,0.01809,0.005448,0.02097,0.008399,0.4102,0.4104,
1.425,0.2624,0.02924,0.01549,0.01351,0.03848,0.007771,0.02152,0.0181,0.005524,0.0209,0.0084,0.4103,0.4108,
1.425,0.2711,0.02905,0.01553,0.01352,0.03849,0.007771,0.02152,0.0181,0.005524,0.0209,0.0084,0.4103,0.4109,
1.427,0.2666,0.02953,0.01548,0.01353,0.03849,0.007769,0.02152,0.01809,0.005564,0.02127,0.008398,0.4102,0.4102,
1.426,0.2742,0.0294,0.01547,0.01341,0.03846,0.007667,0.02152,0.0181,0.005778,0.02106,0.008399,0.4103,0.4105,
1.426,0.2713,0.02918,0.0156,0.01343,0.03846,0.007668,0.02153,0.0181,0.006004,0.02068,0.008401,0.4104,0.4106,
1.425,0.2805,0.02904,0.01562,0.01346,0.03845,0.007543,0.02153,0.0181,0.006074,0.02052,0.008403,0.4105,0.4108,
1.425,0.2798,0.02879,0.01573,0.01347,0.03848,0.007458,0.02153,0.01811,0.006324,0.02027,0.008404,0.4105,0.4109,
1.426,0.2824,0.02921,0.01572,0.01348,0.03838,0.007407,0.02158,0.01807,0.006394,0.02036,0.008405,0.4106,0.4104,
1.429,0.2994,0.029,0.01567,0.01346,0.03839,0.007396,0.02155,0.01804,0.006525,0.02166,0.008394,0.41,0.4099,
1.429,0.3479,0.02878,0.01565,0.01347,0.03841,0.007399,0.02155,0.01805,0.006637,0.02147,0.008397,0.4102,0.41,
1.428,0.3049,0.02845,0.01558,0.01348,0.0384,0.007401,0.02156,0.01809,0.006959,0.02111,0.008399,0.4103,0.4103,
1.427,0.2727,0.02833,0.01558,0.0135,0.03836,0.007179,0.02155,0.01809,0.007071,0.021,0.008399,0.4103,0.4106,
1.429,0.2627,0.02881,0.0156,0.0135,0.03839,0.007019,0.02155,0.01808,0.007288,0.02116,0.008397,0.4102,0.41,
1.429,0.2474,0.02851,0.0157,0.0135,0.03833,0.007019,0.02155,0.01808,0.007364,0.02133,0.008397,0.4102,0.4101,
1.429,0.2547,0.02835,0.01575,0.01351,0.03834,0.006933,0.02159,0.01804,0.007618,0.02108,0.008397,0.4102,0.4102,
1.431,0.2469,0.02824,0.01567,0.0135,0.03849,0.006973,0.02158,0.01799,0.007808,0.02144,0.008395,0.4101,0.4098,
1.43,0.2427,0.02813,0.01563,0.01347,0.03851,0.007014,0.02154,0.01799,0.007891,0.02136,0.008396,0.4101,0.4099,
1.43,0.2459,0.02774,0.01563,0.01347,0.03873,0.006919,0.02155,0.01799,0.008078,0.02117,0.008398,0.4102,0.4101,
1.433,0.2536,0.02747,0.01571,0.01348,0.03871,0.01319,0.01528,0.018,0.008079,0.02118,0.008399,0.4103,0.4102,
1.433,0.2428,0.02741,0.01573,0.01349,0.03857,0.01321,0.01526,0.0181,0.008149,0.02102,0.0084,0.4104,0.4103,
1.432,0.2508,0.02724,0.01569,0.01349,0.03866,0.01325,0.01522,0.0181,0.008192,0.02098,0.008402,0.4104,0.4103,
1.433,0.2384,0.02714,0.01566,0.01352,0.03871,0.0132,0.01522,0.0181,0.008842,0.02033,0.008402,0.4104,0.4104,
1.432,0.2394,0.02685,0.01563,0.01351,0.03891,0.01311,0.01523,0.0181,0.008961,0.02021,0.008403,0.4105,0.4106,
1.43,0.2455,0.02676,0.01556,0.01352,0.03886,0.01271,0.01519,0.01811,0.009178,0.02,0.008404,0.4106,0.4112,
1.432,0.2608,0.02722,0.0158,0.0135,0.03886,0.01241,0.01518,0.0181,0.009301,0.02019,0.008402,0.4105,0.4106,
1.431,0.2502,0.02715,0.01574,0.01351,0.03887,0.01541,0.01203,0.01814,0.009657,0.01981,0.008403,0.4105,0.4108,
1.431,0.2842,0.02698,0.01571,0.01352,0.03892,0.01524,0.01203,0.01814,0.00973,0.01974,0.008404,0.4106,0.411,
1.432,0.252,0.0272,0.01574,0.01355,0.03908,0.01523,0.01195,0.01818,0.009995,0.01962,0.008404,0.4106,0.4105,
1.431,0.2259,0.02675,0.01584,0.01355,0.03922,0.01498,0.01193,0.01824,0.00998,0.01958,0.008406,0.4106,0.4109,
1.43,0.2222,0.02735,0.01583,0.01355,0.03925,0.01473,0.0119,0.01828,0.01014,0.01887,0.008411,0.4109,0.4108,
1.428,0.2313,0.02722,0.01584,0.01355,0.03928,0.01423,0.0119,0.01829,0.01048,0.01854,0.008412,0.4109,0.4113,
1.426,0.2199,0.02701,0.01581,0.01359,0.03927,0.01379,0.01194,0.01825,0.01063,0.01839,0.008413,0.411,0.4119,
1.422,0.2253,0.02687,0.01588,0.01354,0.0392,0.01264,0.01203,0.01821,0.01059,0.0184,0.008414,0.411,0.4132,
1.427,0.2198,0.0323,0.01581,0.01353,0.03908,0.009752,0.01214,0.01805,0.01253,0.01664,0.008413,0.411,0.4107,
1.425,0.2213,0.03218,0.0158,0.01346,0.03911,0.009564,0.01207,0.01805,0.0126,0.01647,0.008415,0.4111,0.4112,
1.425,0.245,0.03229,0.01574,0.01344,0.03905,0.009285,0.01203,0.01805,0.0126,0.01695,0.008413,0.411,0.4112,
1.429,0.2434,0.03248,0.0157,0.01345,0.03906,0.009174,0.01205,0.01799,0.01304,0.01782,0.008403,0.4105,0.4103,
1.431,0.2199,0.03243,0.01572,0.01343,0.03909,0.008998,0.01217,0.01786,0.0131,0.01841,0.0084,0.4104,0.41,
1.429,0.2211,0.03219,0.01579,0.01343,0.03904,0.008919,0.01209,0.01788,0.01312,0.01833,0.008402,0.4104,0.4104,
1.429,0.2213,0.03216,0.01579,0.01343,0.03897,0.00881,0.01209,0.01784,0.01333,0.01813,0.008403,0.4105,0.4106,
1.428,0.2321,0.03204,0.0157,0.01332,0.03905,0.00853,0.01197,0.01787,0.01333,0.01861,0.008399,0.4103,0.4109,
1.427,0.2211,0.03162,0.01567,0.01334,0.03934,0.008427,0.01201,0.01779,0.01333,0.01862,0.008399,0.4103,0.4112,
1.426,0.2319,0.03123,0.01564,0.01334,0.03931,0.008335,0.01205,0.01775,0.01433,0.01762,0.0084,0.4103,0.4117,
1.425,0.2299,0.03118,0.01562,0.01335,0.03927,0.008177,0.01209,0.01771,0.0145,0.01746,0.008401,0.4104,0.4119,
1.429,0.215,0.03266,0.01558,0.01334,0.03937,0.008071,0.01218,0.01763,0.01499,0.0171,0.008402,0.4104,0.4102,
1.429,0.218,0.03233,0.01561,0.01335,0.0395,0.008113,0.0123,0.01746,0.01508,0.01707,0.008403,0.4105,0.4103,
1.429,0.2262,0.03213,0.01564,0.01335,0.03943,0.008197,0.01235,0.01734,0.01525,0.0169,0.008405,0.4106,0.4104,
1.429,0.2304,0.03181,0.01565,0.01335,0.03965,0.008196,0.01417,0.01551,0.01534,0.01707,0.008403,0.4105,0.4103,
1.428,0.2329,0.03161,0.01562,0.01336,0.03951,0.008224,0.01411,0.01548,0.01534,0.0169,0.008407,0.4107,0.4107,
1.427,0.2283,0.03162,0.01558,0.01337,0.03941,0.008215,0.01415,0.01536,0.01618,0.01609,0.008409,0.4108,0.4108,
1.426,0.2379,0.03151,0.01555,0.0134,0.03928,0.008118,0.01421,0.01527,0.01618,0.0161,0.008411,0.4109,0.4111,
1.426,0.2197,0.03206,0.01548,0.01346,0.03925,0.007878,0.01425,0.01515,0.01633,0.01587,0.008413,0.411,0.4109,
1.425,0.2257,0.0318,0.01544,0.01348,0.03916,0.007945,0.01422,0.01518,0.01622,0.01579,0.008415,0.4111,0.4113,
1.423,0.2183,0.03179,0.0154,0.01342,0.03902,0.008073,0.01414,0.01514,0.01697,0.01474,0.008419,0.4113,0.4116,
1.418,0.2108,0.03079,0.01483,0.01339,0.03889,0.007993,0.01416,0.01506,0.01705,0.01467,0.008422,0.4114,0.4133,
1.417,0.2326,0.03054,0.01498,0.01331,0.03883,0.008035,0.01412,0.01507,0.01712,0.0146,0.008423,0.4115,0.4135,
1.417,0.2206,0.03044,0.01497,0.01332,0.03887,0.008057,0.014,0.01511,0.0174,0.01419,0.008425,0.4116,0.4136,
1.415,0.2217,0.02993,0.01503,0.01333,0.03921,0.008119,0.01378,0.01512,0.01754,0.01384,0.008427,0.4117,0.414,
1.422,0.2347,0.03214,0.01498,0.01336,0.03918,0.00832,0.01361,0.02038,0.0124,0.01446,0.008422,0.4114,0.4113,
1.421,0.2114,0.03193,0.01503,0.01328,0.0392,0.008322,0.01361,0.02026,0.0124,0.01446,0.008423,0.4115,0.4116,
1.421,0.2258,0.03183,0.01502,0.01327,0.03897,0.008366,0.01361,0.02029,0.01234,0.01447,0.008425,0.4116,0.4118,
1.42,0.2229,0.03174,0.015,0.01325,0.03882,0.008368,0.01362,0.0203,0.01239,0.01443,0.008427,0.4117,0.412,
1.421,0.2075,0.03185,0.01491,0.01321,0.03866,0.008274,0.01361,0.02028,0.01238,0.01512,0.008423,0.4115,0.4118,
1.423,0.2066,0.0321,0.0149,0.01323,0.03861,0.008305,0.01362,0.02022,0.01231,0.01541,0.008422,0.4114,0.4114,
1.422,0.2124,0.03201,0.01484,0.01326,0.03857,0.008215,0.01367,0.02018,0.01232,0.01541,0.008423,0.4115,0.4116,
1.424,0.2088,0.03218,0.01491,0.01327,0.0384,0.008296,0.01358,0.02023,0.01245,0.0157,0.008421,0.4114,0.4112,
1.423,0.2154,0.03179,0.01495,0.01329,0.03849,0.008298,0.01358,0.02029,0.01255,0.01555,0.008424,0.4115,0.4113,
1.424,0.211,0.03157,0.01503,0.01329,0.03844,0.00836,0.01341,0.02032,0.01251,0.01611,0.00842,0.4113,0.4112,
1.423,0.2168,0.03148,0.01505,0.0133,0.03841,0.008229,0.0135,0.0202,0.01263,0.016,0.008421,0.4114,0.4114,
1.423,0.2164,0.0314,0.01512,0.01331,0.03845,0.008018,0.01346,0.0202,0.01263,0.01601,0.008422,0.4114,0.4116,
1.422,0.2272,0.03123,0.01513,0.01334,0.03843,0.007945,0.01329,0.02027,0.01263,0.01594,0.008423,0.4115,0.4119,
1.427,0.2185,0.03154,0.01508,0.01331,0.03847,0.007974,0.01327,0.0202,0.01309,0.01713,0.00841,0.4109,0.4107,
1.427,0.2528,0.03127,0.01509,0.01334,0.03859,0.008017,0.01328,0.02022,0.01303,0.01701,0.008412,0.411,0.4108,
1.43,0.2189,0.03103,0.01508,0.01328,0.03849,0.008007,0.01328,0.02015,0.01302,0.01838,0.008402,0.4105,0.4104,
1.431,0.2107,0.03113,0.01504,0.01324,0.03841,0.007871,0.01331,0.02006,0.01301,0.01914,0.008397,0.4102,0.4102,
1.43,0.2185,0.03106,0.01503,0.01325,0.03832,0.007782,0.01323,0.02006,0.01301,0.01914,0.008399,0.4103,0.4104,
1.429,0.2158,0.03099,0.01501,0.01327,0.03821,0.007823,0.01315,0.02009,0.01295,0.01915,0.0084,0.4104,0.4106,
1.43,0.2083,0.03109,0.01514,0.01327,0.03827,0.007861,0.01307,0.02005,0.01295,0.01931,0.0084,0.4104,0.4102,
1.43,0.2209,0.03065,0.01513,0.01326,0.03859,0.007689,0.01303,0.02005,0.01382,0.01857,0.008399,0.4104,0.4105,
1.429,0.2258,0.03004,0.01511,0.01325,0.03898,0.007771,0.01299,0.02001,0.01392,0.01848,0.0084,0.4104,0.4107,
1.428,0.2322,0.02984,0.01512,0.01325,0.03886,0.007701,0.01299,0.01998,0.01398,0.01843,0.008402,0.4105,0.4109,
1.431,0.2264,0.03023,0.01507,0.01322,0.03885,0.007726,0.0129,0.01996,0.01405,0.01914,0.008396,0.4102,0.4102,
1.43,0.2203,0.02993,0.01506,0.01312,0.0389,0.007728,0.0129,0.02001,0.01401,0.01914,0.008399,0.4104,0.4104,
1.429,0.2254,0.02978,0.01502,0.01314,0.03895,0.007767,0.01287,0.02009,0.01394,0.01903,0.008401,0.4105,0.4105,
1.428,0.238,0.02942,0.01531,0.01315,0.03888,0.007482,0.01275,0.02012,0.01405,0.01888,0.008402,0.4105,0.411,
1.429,0.2475,0.02991,0.01533,0.01317,0.03892,0.007107,0.01274,0.02016,0.014,0.01928,0.0084,0.4104,0.4105,
1.431,0.2267,0.03021,0.01537,0.01318,0.0389,0.006914,0.01278,0.02011,0.014,0.0198,0.008396,0.4102,0.4101,
1.43,0.2171,0.03012,0.01533,0.01321,0.03889,0.006957,0.01274,0.02016,0.01396,0.0198,0.008397,0.4103,0.4102,
1.431,0.2169,0.02998,0.01533,0.0132,0.03893,0.006779,0.01269,0.02022,0.01386,0.02055,0.008391,0.41,0.4101,
1.429,0.2204,0.02892,0.01514,0.01303,0.03888,0.006547,0.01272,0.02015,0.01392,0.02145,0.008384,0.4097,0.4112,
1.428,0.2176,0.02879,0.01509,0.01305,0.03888,0.006447,0.01273,0.02015,0.01392,0.02146,0.008385,0.4097,0.4114,
1.426,0.2167,0.02836,0.01515,0.01297,0.0388,0.006219,0.01273,0.02016,0.01393,0.02146,0.008388,0.4098,0.412,
1.431,0.2244,0.03036,0.01507,0.01294,0.03893,0.005654,0.01271,0.02016,0.01393,0.02234,0.008381,0.4095,0.41,
1.434,0.2202,0.03082,0.01519,0.01295,0.03872,0.005652,0.01275,0.02011,0.0145,0.02247,0.008378,0.4094,0.4091,
1.432,0.2281,0.03051,0.01516,0.01297,0.03877,0.005534,0.01276,0.02004,0.01469,0.02188,0.008384,0.4097,0.4096,
1.431,0.2115,0.03046,0.01512,0.01298,0.03865,0.005536,0.01276,0.02005,0.01476,0.02167,0.008387,0.4098,0.4098,
1.434,0.2106,0.03061,0.01508,0.01298,0.03855,0.005532,0.01284,0.01994,0.01519,0.02216,0.008381,0.4095,0.4092,
1.434,0.2196,0.03031,0.0151,0.01302,0.03867,0.005439,0.01532,0.01747,0.01519,0.02216,0.008382,0.4096,0.4093,
1.434,0.2368,0.03009,0.01504,0.01302,0.03877,0.005481,0.01541,0.01735,0.0152,0.02217,0.008384,0.4097,0.4094,
1.433,0.2331,0.02998,0.01498,0.01281,0.03866,0.00552,0.01536,0.01734,0.01527,0.02254,0.008382,0.4096,0.4096,
1.433,0.2157,0.02979,0.01509,0.01266,0.03858,0.005561,0.01534,0.01728,0.01527,0.02254,0.008383,0.4097,0.4098,
1.432,0.2317,0.02968,0.01507,0.01268,0.03863,0.005482,0.0153,0.01732,0.01523,0.02254,0.008384,0.4097,0.41,
1.432,0.2219,0.02931,0.0153,0.01269,0.03861,0.005606,0.01518,0.01732,0.01524,0.02255,0.008385,0.4098,0.4101,
1.433,0.244,0.02958,0.01524,0.01274,0.0386,0.005606,0.01518,0.01732,0.01523,0.02283,0.008384,0.4097,0.4096,
1.434,0.2255,0.0293,0.01521,0.01277,0.03867,0.005552,0.01521,0.01727,0.01523,0.02342,0.00838,0.4095,0.4095,
1.434,0.2095,0.02939,0.01517,0.01267,0.03866,0.005675,0.01509,0.01727,0.01523,0.02353,0.00838,0.4095,0.4094,
1.433,0.2202,0.02907,0.01535,0.01268,0.0386,0.005623,0.01501,0.01727,0.01533,0.02343,0.008382,0.4096,0.4097,
1.431,0.2121,0.02874,0.01529,0.01264,0.03855,0.005388,0.01506,0.01724,0.01583,0.02287,0.008385,0.4098,0.4103,
1.433,0.2106,0.02927,0.01535,0.01266,0.03869,0.005343,0.01496,0.01727,0.01587,0.02305,0.008384,0.4097,0.4094,
1.433,0.2183,0.02916,0.01533,0.01267,0.0386,0.005427,0.01497,0.01719,0.01619,0.02261,0.008388,0.4099,0.4096,
1.433,0.218,0.02895,0.01529,0.01262,0.03867,0.005396,0.01492,0.01716,0.0163,0.02283,0.008386,0.4098,0.4097,
1.431,0.2094,0.02883,0.01523,0.01264,0.03859,0.005312,0.01493,0.01717,0.01644,0.02256,0.008389,0.41,0.41,
1.431,0.2153,0.02874,0.01521,0.01263,0.03859,0.005365,0.01488,0.01724,0.01678,0.02203,0.008392,0.4101,0.4101,
1.433,0.2142,0.02863,0.0154,0.01264,0.03858,0.005363,0.01497,0.01714,0.01685,0.02242,0.008389,0.41,0.4097,
1.432,0.2283,0.02851,0.01542,0.01263,0.0385,0.005405,0.01497,0.01714,0.01695,0.02229,0.008391,0.41,0.4097,
1.433,0.2235,0.02842,0.01533,0.01262,0.03839,0.005403,0.01501,0.0171,0.01695,0.02282,0.008389,0.4099,0.4096,
1.432,0.2284,0.02798,0.01515,0.01265,0.03851,0.005402,0.015,0.01709,0.01694,0.02313,0.008387,0.4098,0.4099,
1.432,0.2213,0.028,0.01517,0.01265,0.03847,0.005482,0.01495,0.02286,0.01137,0.02341,0.008383,0.4096,0.4096,
1.43,0.2224,0.02788,0.01514,0.01266,0.03856,0.005486,0.01505,0.02279,0.01128,0.02279,0.008391,0.41,0.41,
1.429,0.2268,0.02784,0.01509,0.01267,0.03852,0.005429,0.01501,0.02284,0.01157,0.02238,0.008392,0.4101,0.4102,
1.429,0.2289,0.02775,0.01508,0.01268,0.03852,0.005387,0.01503,0.02276,0.01171,0.02215,0.008394,0.4102,0.4104,
1.428,0.2327,0.02735,0.01526,0.01269,0.03845,0.005502,0.01487,0.02273,0.01196,0.02191,0.008395,0.4103,0.4106,
1.428,0.2311,0.02723,0.0153,0.01271,0.03848,0.005585,0.01481,0.02265,0.01196,0.02191,0.008396,0.4103,0.4107,
1.427,0.2506,0.0269,0.01531,0.0126,0.03871,0.005585,0.01481,0.02266,0.01196,0.02176,0.008398,0.4104,0.4109,
1.427,0.2309,0.02678,0.01528,0.01262,0.03883,0.005702,0.01469,0.02266,0.012,0.02172,0.008398,0.4104,0.4109,
1.425,0.2479,0.02652,0.01527,0.01259,0.03872,0.005784,0.01462,0.02267,0.01201,0.02157,0.008402,0.4106,0.4113,
1.429,0.2477,0.02759,0.01525,0.01259,0.03862,0.005867,0.01458,0.02263,0.01201,0.02173,0.008402,0.4106,0.4102,
1.428,0.2459,0.02755,0.01514,0.01259,0.03855,0.005868,0.01458,0.02272,0.01243,0.02124,0.008404,0.4107,0.4103,
1.429,0.2354,0.02721,0.01516,0.01258,0.03871,0.005949,0.01456,0.02264,0.01259,0.02148,0.008402,0.4106,0.4102,
1.428,0.2273,0.02704,0.01507,0.01259,0.0387,0.00595,0.01456,0.02265,0.01259,0.02135,0.008403,0.4106,0.4105,
1.428,0.2273,0.02696,0.01508,0.01259,0.03871,0.005896,0.01452,0.02264,0.01268,0.02142,0.008403,0.4106,0.4105,
1.427,0.2392,0.0267,0.0151,0.01259,0.03887,0.00573,0.01448,0.02265,0.01275,0.02135,0.008404,0.4107,0.4107,
1.427,0.23,0.02658,0.01519,0.0126,0.03886,0.005624,0.01448,0.02268,0.01298,0.02109,0.008404,0.4107,0.4108,
1.428,0.2458,0.02664,0.01527,0.01259,0.0388,0.005624,0.01452,0.02264,0.01347,0.02086,0.008404,0.4107,0.4105,
1.427,0.2436,0.02655,0.01529,0.01259,0.03875,0.005487,0.01453,0.02264,0.01347,0.02075,0.008406,0.4108,0.4108,
1.428,0.2464,0.0266,0.01527,0.01253,0.03879,0.005609,0.01439,0.02263,0.01351,0.02131,0.008402,0.4106,0.4104,
1.43,0.2389,0.02629,0.01525,0.01253,0.03892,0.005646,0.01435,0.02265,0.01346,0.02196,0.008397,0.4103,0.4102,
1.429,0.2367,0.02613,0.0152,0.01253,0.03891,0.005729,0.01433,0.02267,0.01336,0.02203,0.008383,0.4103,0.4104,
1.428,0.2319,0.02586,0.0152,0.01253,0.03903,0.005673,0.01429,0.02267,0.01374,0.02165,0.008383,0.4103,0.4106,
1.432,0.231,0.02607,0.01517,0.01252,0.03902,0.01424,0.005695,0.02265,0.01377,0.02272,0.008375,0.4099,0.4098,
