entropy,entropyInd,RabA,RabB,RabC,RabD,RabE,RabF,RabG,RabH,RabI,xER,xPM,
1.101,0.1227,0.01284,0.001971,2.526E-4,0.01245,0.001269,2.032E-4,0.04158,0.01637,0.01056,0.4513,0.4513,
1.101,0.04597,0.0128,0.001971,2.525E-4,0.01244,0.001269,2.031E-4,0.04157,0.01636,0.01056,0.4514,0.4512,
1.103,0.04376,0.01276,0.001971,2.525E-4,0.01245,0.001269,2.031E-4,0.04158,0.01636,0.01116,0.4508,0.4512,
1.103,0.02918,0.01276,0.001969,2.524E-4,0.01244,0.001268,2.03E-4,0.04155,0.01635,0.01115,0.4511,0.4509,
1.104,0.06237,0.01275,0.001969,2.523E-4,0.01243,0.001268,2.029E-4,0.04153,0.01634,0.01165,0.4509,0.4507,
1.106,0.03036,0.01274,0.001967,2.521E-4,0.01242,0.001267,2.028E-4,0.0415,0.01633,0.01229,0.4506,0.4504,
1.108,0.1089,0.01274,0.001967,2.521E-4,0.01242,0.001342,1.273E-4,0.0415,0.01633,0.01269,0.4502,0.4504,
1.108,0.0324,0.01274,0.001966,2.52E-4,0.01242,0.001342,1.273E-4,0.04149,0.01633,0.01268,0.4504,0.4502,
1.111,0.03183,0.01274,0.001966,2.52E-4,0.01242,0.001342,1.273E-4,0.04149,0.01633,0.01375,0.4494,0.4502,
1.111,0.04817,0.01272,0.001964,2.517E-4,0.01241,0.00134,1.271E-4,0.04144,0.01631,0.01373,0.45,0.4497,
1.111,0.03392,0.01272,0.001964,2.517E-4,0.01241,0.00134,1.271E-4,0.04144,0.01631,0.01373,0.45,0.4497,
1.111,0.03229,0.01272,0.001964,2.517E-4,0.01241,0.00134,1.271E-4,0.04144,0.01631,0.01373,0.45,0.4497,
1.111,0.04595,0.01272,0.001964,2.517E-4,0.01241,0.00134,1.271E-4,0.04144,0.01631,0.01373,0.45,0.4497,
1.112,0.07492,0.01272,0.001964,2.517E-4,0.0124,0.00134,1.271E-4,0.04143,0.01631,0.01396,0.4499,0.4496,
1.112,0.03099,0.01268,0.001964,2.517E-4,0.0124,0.00134,1.271E-4,0.04143,0.01631,0.01396,0.4499,0.4497,
1.114,0.0864,0.01267,0.001963,2.515E-4,0.01239,0.001339,1.27E-4,0.0414,0.0163,0.01468,0.4495,0.4493,
1.119,0.1031,0.01265,0.001959,2.511E-4,0.01237,0.001337,1.268E-4,0.04133,0.01627,0.01637,0.4488,0.4486,
1.123,0.06447,0.01265,0.001959,2.511E-4,0.01237,0.001337,1.268E-4,0.04133,0.01627,0.0177,0.4474,0.4486,
1.123,0.03128,0.01264,0.001957,2.507E-4,0.01236,0.001335,1.266E-4,0.04128,0.01625,0.01768,0.4482,0.448,
1.123,0.02861,0.01264,0.001957,2.507E-4,0.01236,0.001335,1.266E-4,0.04128,0.01625,0.01768,0.4482,0.448,
1.126,0.02862,0.01262,0.001955,2.505E-4,0.01234,0.001334,1.265E-4,0.04124,0.01623,0.0187,0.4477,0.4475,
1.126,0.0281,0.01262,0.001955,2.505E-4,0.01234,0.001334,1.265E-4,0.04124,0.01623,0.0187,0.4477,0.4475,
1.129,0.02918,0.01261,0.001952,2.502E-4,0.01233,0.001332,1.264E-4,0.04119,0.01621,0.01987,0.4472,0.447,
1.129,0.02789,0.01261,0.001952,2.502E-4,0.01233,0.001332,1.264E-4,0.04119,0.01621,0.01987,0.4472,0.447,
1.129,0.02825,0.01261,0.001952,2.502E-4,0.01233,0.001332,1.264E-4,0.04119,0.01621,0.01987,0.4472,0.447,
1.131,0.04684,0.0126,0.001951,2.5E-4,0.01232,0.001331,1.263E-4,0.04116,0.0162,0.02051,0.4469,0.4467,
1.131,0.04349,0.0126,0.001951,2.5E-4,0.01232,0.001331,1.263E-4,0.04116,0.0162,0.02051,0.4469,0.4467,
1.131,0.03084,0.0126,0.001951,2.5E-4,0.01232,0.001331,1.263E-4,0.04116,0.0162,0.02051,0.4469,0.4467,
1.131,0.03238,0.0126,0.001951,2.5E-4,0.01232,0.001331,1.263E-4,0.04116,0.0162,0.02051,0.4469,0.4467,
1.131,0.08564,0.0126,0.001951,2.5E-4,0.01232,0.001331,1.263E-4,0.04116,0.0162,0.02051,0.4469,0.4467,
1.131,0.05762,0.0126,0.001951,2.5E-4,0.01232,0.001331,1.263E-4,0.04116,0.0162,0.02051,0.4469,0.4467,
1.132,0.04878,0.01259,0.001957,2.5E-4,0.01232,0.001331,1.263E-4,0.04116,0.01643,0.02052,0.4467,0.4467,
1.133,0.05511,0.01254,0.002002,2.498E-4,0.01231,0.00133,1.262E-4,0.04113,0.01641,0.02103,0.4465,0.4463,
1.138,0.08044,0.01254,0.001993,2.588E-4,0.01231,0.00133,0.002048,0.04189,0.01382,0.02094,0.4465,0.4463,
1.142,0.07361,0.01245,0.002075,2.68E-4,0.01231,0.00133,0.00365,0.04034,0.01391,0.02067,0.4466,0.4464,
1.142,0.09817,0.01243,0.002092,2.68E-4,0.01231,0.00133,0.00365,0.04034,0.01391,0.02067,0.4466,0.4464,
1.144,0.08858,0.01221,0.00215,2.679E-4,0.01246,0.001329,0.003698,0.04026,0.01428,0.02095,0.4463,0.4461,
1.145,0.07427,0.01217,0.002181,2.723E-4,0.01246,0.001329,0.003698,0.04026,0.01445,0.02077,0.4463,0.4461,
1.145,0.1091,0.01214,0.002217,2.723E-4,0.01246,0.001329,0.003743,0.04037,0.01438,0.02069,0.4463,0.4461,
1.145,0.111,0.01214,0.002217,2.723E-4,0.01246,0.001329,0.003833,0.04037,0.0144,0.02058,0.4463,0.4461,
1.144,0.06793,0.01212,0.002235,2.798E-4,0.01246,0.00133,0.003833,0.04046,0.01472,0.01996,0.4464,0.4462,
1.144,0.06611,0.01212,0.002235,2.798E-4,0.01246,0.00133,0.003879,0.04042,0.01498,0.01957,0.4465,0.4463,
1.144,0.05822,0.01206,0.002247,2.799E-4,0.01251,0.00133,0.003969,0.04033,0.01527,0.01919,0.4465,0.4463,
1.145,0.09984,0.01206,0.002247,2.799E-4,0.01251,0.00133,0.004014,0.04029,0.01551,0.01922,0.4462,0.4464,
1.146,0.04855,0.01196,0.002255,2.797E-4,0.01259,0.001329,0.004056,0.04022,0.0155,0.01949,0.4463,0.4461,
1.146,0.04889,0.01196,0.002255,2.797E-4,0.01259,0.001329,0.004056,0.04022,0.01564,0.01935,0.4463,0.4461,
1.148,0.04343,0.01192,0.002273,2.836E-4,0.01258,0.001328,0.004143,0.0401,0.01563,0.02006,0.4459,0.4457,
1.15,0.06177,0.0119,0.002293,2.835E-4,0.01258,0.001373,0.004141,0.04004,0.0159,0.02024,0.4457,0.4455,
1.151,0.1049,0.01179,0.002301,2.917E-4,0.01266,0.001372,0.00414,0.04002,0.01608,0.02038,0.4456,0.4454,
1.151,0.0444,0.01177,0.002314,2.958E-4,0.01266,0.001372,0.00414,0.04002,0.01608,0.02038,0.4456,0.4454,
1.151,0.04442,0.01177,0.002314,2.958E-4,0.01266,0.001372,0.004185,0.03998,0.01608,0.02038,0.4456,0.4454,
1.151,0.07576,0.01174,0.002342,3.04E-4,0.01266,0.001372,0.004185,0.03998,0.01608,0.02038,0.4456,0.4454,
1.151,0.114,0.01173,0.002348,3.04E-4,0.01266,0.001372,0.004185,0.03998,0.01608,0.02038,0.4456,0.4454,
1.151,0.04536,0.01171,0.002374,3.04E-4,0.01266,0.001372,0.00423,0.03994,0.01616,0.0202,0.4456,0.4454,
1.151,0.04806,0.01171,0.002361,3.174E-4,0.01266,0.001372,0.004319,0.03985,0.01642,0.01994,0.4456,0.4454,
1.153,0.0507,0.01167,0.002397,3.229E-4,0.01266,0.001372,0.004544,0.03967,0.01647,0.02032,0.4451,0.4455,
1.163,0.08293,0.01161,0.002395,3.226E-4,0.01269,0.001371,0.009965,0.03426,0.01698,0.02008,0.4453,0.445,
1.167,0.07078,0.01158,0.0024,3.297E-4,0.01268,0.001414,0.009953,0.03417,0.01712,0.02112,0.4447,0.4445,
1.166,0.1108,0.01154,0.002438,3.378E-4,0.01268,0.001414,0.009997,0.03421,0.01703,0.02096,0.4449,0.4445,
1.168,0.1067,0.01143,0.002508,3.358E-4,0.01267,0.001458,0.009994,0.03416,0.01748,0.02102,0.4446,0.4444,
1.168,0.05977,0.01142,0.002509,3.433E-4,0.01267,0.001539,0.009915,0.03421,0.01752,0.02081,0.4446,0.4444,
1.167,0.07359,0.01142,0.002509,3.433E-4,0.01268,0.001584,0.009916,0.03417,0.01752,0.02072,0.4447,0.4445,
1.17,0.08247,0.01136,0.00256,3.43E-4,0.01266,0.001627,0.009862,0.03414,0.01778,0.02133,0.4443,0.4441,
1.17,0.1083,0.01122,0.00262,3.43E-4,0.01274,0.001627,0.009952,0.03405,0.0181,0.02102,0.4443,0.4441,
1.17,0.1029,0.01122,0.00262,3.431E-4,0.01274,0.001627,0.009953,0.03409,0.01821,0.02073,0.4443,0.4441,
1.17,0.1111,0.0112,0.002643,3.431E-4,0.01274,0.001663,0.009917,0.03418,0.0182,0.02065,0.4443,0.4441,
1.17,0.08615,0.0112,0.002636,3.505E-4,0.01274,0.001663,0.009962,0.0342,0.01839,0.02041,0.4443,0.4441,
1.17,0.1438,0.01116,0.002676,3.505E-4,0.01274,0.001663,0.01013,0.03403,0.01873,0.02007,0.4443,0.4441,
1.171,0.1313,0.01113,0.002706,3.505E-4,0.01274,0.001663,0.01013,0.03403,0.01899,0.01981,0.4443,0.4441,
1.171,0.06764,0.01111,0.002731,3.505E-4,0.01274,0.001663,0.01017,0.03399,0.01913,0.01967,0.4443,0.4441,
1.17,0.118,0.01105,0.002742,3.506E-4,0.01279,0.001708,0.01013,0.034,0.01923,0.01931,0.4445,0.4442,
1.17,0.1003,0.01103,0.002758,3.556E-4,0.01279,0.001797,0.01017,0.03386,0.01972,0.01882,0.4445,0.4442,
1.17,0.1127,0.01102,0.002775,3.556E-4,0.01279,0.001797,0.01022,0.03382,0.01983,0.01871,0.4445,0.4442,
1.17,0.1477,0.01099,0.002807,3.556E-4,0.01279,0.001798,0.01026,0.03382,0.01979,0.0185,0.4446,0.4443,
1.171,0.1128,0.01099,0.002807,3.557E-4,0.01279,0.009154,0.002908,0.03383,0.01983,0.01846,0.4445,0.4443,
1.171,0.1185,0.01098,0.002821,3.557E-4,0.01279,0.009155,0.002909,0.0339,0.02015,0.0179,0.4446,0.4444,
1.171,0.1324,0.01097,0.002825,3.557E-4,0.01279,0.009154,0.002953,0.03389,0.02028,0.01789,0.4446,0.4443,
1.172,0.0895,0.01096,0.002827,3.624E-4,0.01279,0.009154,0.003043,0.0338,0.02039,0.01777,0.4446,0.4443,
1.172,0.1511,0.01093,0.002859,3.624E-4,0.01279,0.009154,0.003043,0.0338,0.02091,0.01726,0.4446,0.4443,
1.172,0.08151,0.01078,0.002874,3.624E-4,0.01293,0.009154,0.003043,0.0338,0.02095,0.01721,0.4446,0.4443,
1.174,0.08039,0.01073,0.002908,3.621E-4,0.01291,0.009185,0.002999,0.03383,0.02108,0.01798,0.4441,0.4439,
1.174,0.09905,0.01067,0.002973,3.621E-4,0.01292,0.009231,0.002955,0.03401,0.02102,0.01774,0.4442,0.444,
1.174,0.08828,0.01067,0.002973,3.621E-4,0.01292,0.009231,0.002955,0.03401,0.02113,0.01762,0.4442,0.444,
1.171,0.1008,0.01064,0.002996,3.622E-4,0.01292,0.01075,0.001482,0.03397,0.02118,0.01736,0.4443,0.444,
1.171,0.09621,0.01065,0.002984,3.753E-4,0.01292,0.01075,0.001527,0.03399,0.0212,0.01729,0.4443,0.4441,
1.171,0.0836,0.01063,0.002982,3.753E-4,0.0129,0.01079,0.001536,0.03415,0.02131,0.01698,0.4443,0.4441,
1.172,0.07999,0.01059,0.003011,3.82E-4,0.0129,0.01078,0.001582,0.03408,0.02134,0.01736,0.4441,0.4439,
1.173,0.09232,0.01055,0.003046,3.819E-4,0.01289,0.01078,0.001626,0.03403,0.02138,0.01754,0.444,0.4438,
1.173,0.09418,0.01053,0.003062,3.887E-4,0.01289,0.01078,0.001626,0.03403,0.02161,0.01731,0.444,0.4438,
1.174,0.08173,0.01052,0.003061,3.886E-4,0.01289,0.01078,0.001626,0.03402,0.02161,0.01757,0.4439,0.4437,
1.174,0.08108,0.01043,0.003061,3.886E-4,0.01298,0.01078,0.001626,0.03407,0.02156,0.01747,0.444,0.4437,
1.162,0.1106,0.01038,0.003113,3.886E-4,0.01298,0.01078,0.001626,0.04775,0.008028,0.01822,0.443,0.4437,
1.163,0.1374,0.01036,0.003116,3.882E-4,0.01297,0.01077,0.001669,0.04771,0.008106,0.0183,0.4434,0.4432,
1.164,0.1098,0.01033,0.003141,3.963E-4,0.01297,0.01076,0.001713,0.04765,0.008331,0.01827,0.4433,0.4431,
1.164,0.1081,0.01032,0.003144,4.02E-4,0.01297,0.01076,0.001713,0.04765,0.008764,0.01784,0.4433,0.4431,
1.166,0.1076,0.01025,0.003207,4.018E-4,0.01296,0.01076,0.001712,0.04763,0.009331,0.01774,0.4431,0.4429,
1.166,0.1026,0.01023,0.003228,4.019E-4,0.01296,0.01076,0.001792,0.0476,0.009422,0.01756,0.4431,0.4429,
1.178,0.1503,0.01011,0.003224,4.014E-4,0.01305,0.01075,0.00513,0.04426,0.009519,0.01851,0.4426,0.4424,
1.179,0.1224,0.01011,0.003224,4.014E-4,0.01305,0.01079,0.00513,0.04422,0.009952,0.01808,0.4426,0.4424,
1.178,0.126,0.01006,0.003273,4.012E-4,0.01305,0.0133,0.002752,0.0441,0.01046,0.01796,0.4424,0.4422,
1.186,0.1249,0.009887,0.003295,4.012E-4,0.01319,0.0133,0.006644,0.04021,0.01087,0.01755,0.4424,0.4422,
1.188,0.09377,0.00982,0.003355,4.01E-4,0.01318,0.01333,0.006595,0.04027,0.01079,0.0181,0.4422,0.442,
1.192,0.09319,0.009777,0.003381,4.005E-4,0.01317,0.01332,0.00672,0.04016,0.01069,0.01937,0.4416,0.4414,
1.197,0.1565,0.009753,0.003405,4.005E-4,0.01317,0.01332,0.009979,0.03695,0.01082,0.0192,0.4416,0.4414,
1.197,0.09595,0.009743,0.003415,4.005E-4,0.01317,0.01332,0.009979,0.03695,0.01119,0.01883,0.4416,0.4414,
1.189,0.08849,0.009722,0.003427,4.002E-4,0.01316,0.01331,0.009973,0.04282,0.005282,0.0195,0.4413,0.4411,
1.193,0.1083,0.009631,0.003422,4.124E-4,0.01324,0.01335,0.01238,0.04045,0.005496,0.0192,0.4413,0.4411,
1.197,0.108,0.009482,0.003457,4.119E-4,0.01332,0.01338,0.01237,0.04036,0.005755,0.02017,0.4408,0.4405,
1.198,0.1259,0.009425,0.003492,4.249E-4,0.01331,0.01627,0.009545,0.04024,0.00608,0.02049,0.4405,0.4402,
1.198,0.1246,0.00942,0.003497,4.249E-4,0.01331,0.01632,0.0095,0.04031,0.006105,0.0204,0.4405,0.4402,
1.198,0.1473,0.009375,0.003499,4.313E-4,0.01332,0.01632,0.009589,0.04022,0.006188,0.02032,0.4405,0.4403,
1.201,0.113,0.009367,0.003496,4.309E-4,0.0133,0.01635,0.009581,0.04014,0.006297,0.02104,0.4401,0.4399,
1.202,0.1305,0.009342,0.003508,4.37E-4,0.0133,0.01634,0.009665,0.04003,0.006409,0.0214,0.4399,0.4397,
1.204,0.1127,0.009309,0.003533,4.367E-4,0.01329,0.01633,0.009659,0.04001,0.00656,0.02186,0.4396,0.4394,
1.205,0.1205,0.009283,0.003559,4.367E-4,0.01329,0.01633,0.009659,0.04015,0.006716,0.02169,0.4395,0.4394,
1.205,0.1274,0.009282,0.003559,4.366E-4,0.01329,0.01633,0.009657,0.04014,0.006715,0.02169,0.4396,0.4393,
1.205,0.1286,0.00926,0.003581,4.366E-4,0.01329,0.01637,0.009702,0.04005,0.00684,0.02156,0.4396,0.4393,
1.207,0.1087,0.009251,0.003574,4.406E-4,0.01328,0.0164,0.04012,0.009584,0.006874,0.02238,0.4392,0.4389,
1.207,0.1161,0.009219,0.003534,4.399E-4,0.01328,0.01645,0.04007,0.00962,0.006986,0.02206,0.4394,0.439,
1.207,0.1419,0.009055,0.003554,4.4E-4,0.01342,0.01649,0.04004,0.009622,0.007079,0.02197,0.4393,0.4391,
1.21,0.09072,0.00904,0.003569,4.4E-4,0.01342,0.02183,0.0347,0.009693,0.007009,0.02197,0.4393,0.4391,
1.212,0.1032,0.008997,0.003605,4.397E-4,0.01342,0.02182,0.03468,0.009688,0.007005,0.02247,0.439,0.4388,
1.211,0.1059,0.008998,0.003606,4.398E-4,0.01342,0.02187,0.03464,0.009783,0.006912,0.02232,0.4391,0.4389,
1.213,0.1057,0.008933,0.003662,4.395E-4,0.01341,0.02194,0.03453,0.009776,0.007006,0.02294,0.4388,0.4386,
1.215,0.1071,0.008906,0.003689,4.395E-4,0.01341,0.02362,0.03285,0.00982,0.007311,0.02259,0.4388,0.4386,
1.214,0.1035,0.008906,0.003681,4.468E-4,0.01341,0.02362,0.03289,0.009773,0.007311,0.02259,0.4388,0.4386,
1.215,0.1084,0.008901,0.003687,4.468E-4,0.01341,0.02362,0.03289,0.009773,0.007696,0.02211,0.4389,0.4386,
1.215,0.1128,0.008898,0.003691,4.469E-4,0.01341,0.02555,0.03102,0.00973,0.007928,0.02188,0.4388,0.4386,
1.215,0.1135,0.008582,0.003705,4.469E-4,0.01371,0.02555,0.03102,0.009765,0.008039,0.02174,0.4388,0.4386,
1.216,0.1034,0.008574,0.003713,4.469E-4,0.01371,0.02944,0.02717,0.009721,0.008039,0.02174,0.4388,0.4386,
1.216,0.1259,0.008507,0.00374,4.469E-4,0.01375,0.02944,0.02717,0.009721,0.008039,0.02174,0.4388,0.4386,
1.216,0.1029,0.008488,0.00376,4.469E-4,0.01375,0.02948,0.02717,0.009721,0.008039,0.02169,0.4388,0.4386,
1.215,0.104,0.008447,0.003758,4.526E-4,0.01375,0.02964,0.0271,0.00986,0.007813,0.02169,0.4388,0.4386,
1.216,0.1469,0.008408,0.003757,4.524E-4,0.01378,0.02975,0.02705,0.009768,0.00789,0.02201,0.4387,0.4385,
1.217,0.1305,0.008399,0.003766,4.524E-4,0.01378,0.0298,0.02705,0.009724,0.008363,0.02154,0.4387,0.4385,
1.217,0.1093,0.008389,0.003775,4.524E-4,0.01378,0.0298,0.02705,0.009759,0.008617,0.02125,0.4387,0.4385,
1.217,0.1181,0.008372,0.003793,4.524E-4,0.01378,0.02984,0.02701,0.009759,0.008869,0.021,0.4387,0.4385,
1.218,0.1206,0.008372,0.003793,4.524E-4,0.01378,0.02984,0.02705,0.009715,0.009395,0.02047,0.4387,0.4385,
1.218,0.1633,0.008371,0.003781,4.639E-4,0.01378,0.02984,0.0271,0.009662,0.009394,0.02061,0.4386,0.4384,
1.218,0.1651,0.008371,0.003781,4.639E-4,0.01378,0.02993,0.02701,0.009662,0.009394,0.02061,0.4386,0.4384,
1.223,0.1485,0.008306,0.003774,4.631E-4,0.01381,0.02991,0.02692,0.00977,0.009816,0.02188,0.4378,0.4376,
1.225,0.1495,0.008305,0.003765,4.713E-4,0.0138,0.02991,0.02695,0.009741,0.009816,0.02256,0.4371,0.4375,
1.225,0.1378,0.0083,0.003763,4.711E-4,0.0138,0.02989,0.02696,0.009707,0.01035,0.022,0.4375,0.4373,
1.224,0.1107,0.008233,0.003756,4.778E-4,0.01386,0.03362,0.02327,0.009698,0.01032,0.02172,0.4378,0.4373,
1.224,0.108,0.008235,0.003757,4.779E-4,0.01387,0.03367,0.02324,0.009701,0.01032,0.02173,0.4376,0.4374,
1.224,0.1101,0.008124,0.003746,4.823E-4,0.01395,0.03367,0.02324,0.009836,0.01018,0.02173,0.4376,0.4374,
1.224,0.167,0.008119,0.003751,4.823E-4,0.01395,0.03371,0.0232,0.009836,0.01023,0.02169,0.4376,0.4374,
1.227,0.1483,0.008089,0.003764,4.817E-4,0.01393,0.03367,0.02317,0.009823,0.01044,0.02264,0.4372,0.4368,
1.227,0.1619,0.008069,0.003776,4.818E-4,0.01391,0.03367,0.02317,0.009883,0.01053,0.0225,0.4371,0.4369,
1.227,0.1504,0.007918,0.003788,4.902E-4,0.01404,0.03368,0.02327,0.009793,0.01068,0.02226,0.4372,0.4369,
1.227,0.1495,0.007918,0.003773,5.052E-4,0.01404,0.03368,0.02332,0.009735,0.01083,0.02211,0.4372,0.4369,
1.229,0.143,0.007909,0.003768,5.122E-4,0.01403,0.03366,0.02331,0.00973,0.01143,0.02199,0.4369,0.4367,
1.228,0.1668,0.007882,0.003799,5.123E-4,0.01404,0.03371,0.02328,0.009733,0.01246,0.02071,0.4371,0.4368,
1.229,0.1712,0.007827,0.003791,5.195E-4,0.01409,0.0337,0.02328,0.009791,0.0125,0.02076,0.437,0.4368,
1.229,0.1661,0.007812,0.003806,5.195E-4,0.01409,0.03383,0.02315,0.009835,0.0125,0.02072,0.437,0.4368,
1.229,0.1775,0.007813,0.003801,5.248E-4,0.01409,0.03383,0.02315,0.009871,0.01255,0.02055,0.437,0.4368,
1.23,0.1777,0.00781,0.0038,5.246E-4,0.01408,0.03387,0.02314,0.00982,0.01309,0.02037,0.4369,0.4366,
1.23,0.1645,0.007806,0.003804,5.246E-4,0.01408,0.03387,0.02319,0.009776,0.01325,0.02021,0.4369,0.4366,
1.23,0.1506,0.007806,0.0038,5.289E-4,0.01408,0.03391,0.02323,0.009755,0.01342,0.01998,0.4369,0.4366,
1.23,0.1715,0.007695,0.003841,5.333E-4,0.01415,0.03391,0.02323,0.009755,0.01372,0.01967,0.4369,0.4366,
1.23,0.1744,0.007696,0.003836,5.391E-4,0.01415,0.0341,0.02305,0.009756,0.01404,0.01925,0.4369,0.4367,
1.23,0.1858,0.007689,0.00384,5.42E-4,0.01415,0.03423,0.02291,0.009815,0.01402,0.01921,0.4369,0.4367,
1.231,0.1776,0.007681,0.003844,5.418E-4,0.01415,0.03426,0.02292,0.009812,0.0141,0.01935,0.4368,0.4366,
1.231,0.1609,0.007681,0.00384,5.459E-4,0.01415,0.03426,0.02294,0.009784,0.0141,0.01935,0.4368,0.4366,
1.23,0.1541,0.007663,0.00386,5.46E-4,0.01415,0.03435,0.02291,0.009777,0.01407,0.01913,0.4369,0.4367,
1.231,0.1636,0.007617,0.003859,5.458E-4,0.01419,0.03434,0.0229,0.009774,0.01407,0.01947,0.4367,0.4365,
1.233,0.1506,0.00757,0.003871,5.459E-4,0.01419,0.03435,0.02294,0.009731,0.01422,0.01996,0.4361,0.4366,
1.232,0.1797,0.007565,0.00386,5.529E-4,0.01418,0.03623,0.02102,0.009724,0.01421,0.01994,0.4365,0.4363,
1.234,0.1305,0.007546,0.003869,5.552E-4,0.01417,0.03621,0.02103,0.00969,0.0145,0.02039,0.4361,0.436,
1.235,0.1204,0.007525,0.003881,5.59E-4,0.01416,0.03619,0.02107,0.009641,0.01474,0.0205,0.436,0.4358,
1.235,0.1311,0.007509,0.003897,5.59E-4,0.01416,0.03628,0.02103,0.009637,0.01484,0.02035,0.436,0.4358,
1.234,0.1276,0.007461,0.003926,5.591E-4,0.01415,0.03637,0.02099,0.009623,0.01481,0.02023,0.436,0.4358,
1.237,0.1492,0.007429,0.003948,5.586E-4,0.01414,0.03643,0.02097,0.009527,0.01518,0.02069,0.4357,0.4355,
1.237,0.1297,0.007355,0.004023,5.586E-4,0.01414,0.03647,0.02093,0.009527,0.01549,0.02039,0.4357,0.4355,
1.237,0.1473,0.007346,0.004026,5.633E-4,0.01414,0.03652,0.02089,0.009527,0.01569,0.02035,0.4355,0.4355,
1.237,0.1391,0.007335,0.004036,5.632E-4,0.01414,0.03651,0.02088,0.009525,0.01637,0.01967,0.4356,0.4354,
1.238,0.1339,0.007293,0.004034,5.63E-4,0.01417,0.03654,0.02092,0.009478,0.01632,0.01998,0.4355,0.4352,
1.239,0.1432,0.007263,0.004043,5.703E-4,0.01414,0.03658,0.02092,0.009476,0.01648,0.02007,0.4353,0.4351,
1.24,0.1323,0.007261,0.004037,5.741E-4,0.01414,0.03665,0.02087,0.009522,0.01643,0.02031,0.4352,0.435,
1.24,0.1213,0.007256,0.004042,5.741E-4,0.01414,0.03665,0.02087,0.009522,0.01653,0.0202,0.4352,0.435,
1.24,0.1284,0.007244,0.004054,5.741E-4,0.01414,0.03667,0.02084,0.009522,0.01679,0.01994,0.4352,0.435,
1.244,0.1323,0.007224,0.004074,5.741E-4,0.01414,0.03667,0.02199,0.008421,0.01679,0.02156,0.4336,0.435,
1.244,0.1319,0.007194,0.004076,5.727E-4,0.0141,0.03913,0.01943,0.008443,0.01704,0.02198,0.4341,0.4339,
1.246,0.1188,0.007178,0.004084,5.723E-4,0.01409,0.0391,0.01941,0.008568,0.01713,0.02238,0.4339,0.4336,
1.242,0.1764,0.007179,0.004084,5.723E-4,0.01409,0.04223,0.01837,0.006528,0.01727,0.02237,0.4337,0.4336,
1.241,0.1545,0.007179,0.004084,5.723E-4,0.01409,0.04223,0.01837,0.006528,0.01746,0.02202,0.4338,0.4336,
1.243,0.152,0.007053,0.004087,5.81E-4,0.01419,0.0422,0.01835,0.006523,0.01757,0.02262,0.4335,0.4333,
1.243,0.2153,0.007047,0.004076,5.847E-4,0.01417,0.0422,0.01836,0.006524,0.01811,0.02208,0.4335,0.4333,
1.243,0.1472,0.007047,0.004065,5.959E-4,0.01417,0.04223,0.01832,0.006524,0.01827,0.02192,0.4335,0.4333,
1.245,0.1753,0.007047,0.004059,6.024E-4,0.01417,0.04223,0.01832,0.006524,0.01854,0.02215,0.433,0.4333,
1.246,0.1588,0.006965,0.004057,6.021E-4,0.01424,0.04221,0.01831,0.006619,0.01881,0.02204,0.433,0.4331,
1.246,0.123,0.006963,0.004055,6.02E-4,0.01423,0.0422,0.01831,0.006675,0.01875,0.02203,0.4332,0.433,
1.242,0.1434,0.006932,0.004052,6.06E-4,0.01427,0.04529,0.01527,0.006632,0.01946,0.02123,0.4332,0.433,
1.242,0.1254,0.006838,0.004063,6.061E-4,0.01435,0.04533,0.01523,0.006633,0.01956,0.02101,0.4333,0.4331,
1.243,0.1216,0.006838,0.004063,6.061E-4,0.01435,0.04536,0.01521,0.006668,0.01953,0.02118,0.4331,0.4331,
1.242,0.1217,0.006781,0.004084,6.061E-4,0.01435,0.04536,0.01521,0.006668,0.01988,0.02082,0.4331,0.4331,
1.242,0.1359,0.006776,0.004079,6.061E-4,0.01432,0.04535,0.01526,0.006611,0.01992,0.02078,0.4333,0.433,
1.243,0.1334,0.006759,0.004095,6.061E-4,0.01432,0.04537,0.01524,0.006611,0.01992,0.02109,0.4329,0.433,
1.243,0.1307,0.006753,0.004098,6.059E-4,0.01432,0.04536,0.01523,0.006609,0.02028,0.02072,0.4331,0.4329,
1.243,0.1251,0.006743,0.004108,6.059E-4,0.01432,0.04536,0.01523,0.006681,0.02041,0.02052,0.4331,0.4329,
1.243,0.1293,0.006654,0.004105,6.092E-4,0.01441,0.04536,0.01528,0.006678,0.02037,0.02052,0.4331,0.4329,
1.243,0.1317,0.006654,0.004105,6.092E-4,0.01441,0.04536,0.01528,0.006742,0.02035,0.02048,0.4331,0.4329,
1.243,0.1324,0.006636,0.004118,6.136E-4,0.01441,0.04536,0.01533,0.006692,0.02077,0.02005,0.4331,0.4329,
1.241,0.1366,0.006593,0.004125,6.136E-4,0.01441,0.04721,0.01353,0.006648,0.02181,0.01902,0.4331,0.4329,
1.242,0.1286,0.006558,0.004154,6.133E-4,0.0144,0.04723,0.01347,0.006645,0.0219,0.01946,0.4329,0.4327,
1.242,0.1296,0.006544,0.004168,6.133E-4,0.0144,0.04727,0.01343,0.006645,0.0219,0.01946,0.4329,0.4327,
1.242,0.1365,0.006545,0.004168,6.134E-4,0.0144,0.04728,0.01343,0.006646,0.02201,0.01924,0.4329,0.4327,
1.245,0.1424,0.006472,0.004191,6.125E-4,0.01438,0.04725,0.01338,0.00677,0.02214,0.02028,0.4324,0.4322,
1.245,0.1303,0.006386,0.004191,6.125E-4,0.01447,0.04725,0.01338,0.006851,0.02205,0.02028,0.4324,0.4322,
1.245,0.1262,0.006377,0.0042,6.125E-4,0.01447,0.0473,0.01339,0.006793,0.02239,0.01994,0.4324,0.4322,
1.245,0.1168,0.006362,0.004215,6.125E-4,0.01447,0.0473,0.01339,0.006793,0.02283,0.01939,0.4325,0.4322,
1.245,0.1378,0.006321,0.00422,6.126E-4,0.01447,0.04734,0.01335,0.006849,0.02277,0.01946,0.4324,0.4322,
1.245,0.1298,0.006314,0.004228,6.126E-4,0.01447,0.04734,0.01335,0.006849,0.02301,0.01923,0.4324,0.4322,
1.245,0.1205,0.006314,0.004217,6.231E-4,0.01447,0.04741,0.01329,0.006911,0.02306,0.01911,0.4324,0.4322,
1.246,0.1186,0.006244,0.004225,6.23E-4,0.01453,0.04739,0.01328,0.006944,0.02364,0.01879,0.4323,0.4321,
1.246,0.119,0.006234,0.004235,6.23E-4,0.01453,0.04744,0.01324,0.006944,0.02384,0.01859,0.4323,0.4321,
1.245,0.1228,0.006235,0.004235,6.23E-4,0.01453,0.04744,0.01324,0.006988,0.02405,0.01823,0.4323,0.4321,
1.246,0.1216,0.006213,0.004258,6.231E-4,0.01453,0.04749,0.0132,0.006989,0.02405,0.01844,0.4321,0.4321,
1.246,0.1322,0.006211,0.004254,6.229E-4,0.01449,0.04747,0.0132,0.006987,0.02438,0.01809,0.4323,0.432,
1.245,0.1228,0.006205,0.004256,6.229E-4,0.01446,0.04747,0.0132,0.006987,0.02463,0.01785,0.4323,0.4321,
1.245,0.1226,0.006191,0.00427,6.229E-4,0.01446,0.04747,0.0132,0.007065,0.02466,0.01776,0.4323,0.432,
1.246,0.1237,0.006188,0.004268,6.227E-4,0.01446,0.04745,0.01324,0.007126,0.02516,0.01754,0.4321,0.4319,
1.246,0.1246,0.006181,0.004275,6.227E-4,0.01446,0.0475,0.01319,0.007126,0.02524,0.01746,0.4321,0.4319,
1.247,0.1253,0.006144,0.004272,6.216E-4,0.01445,0.04754,0.01312,0.007123,0.02582,0.01738,0.4319,0.4317,
1.247,0.1248,0.006144,0.004263,6.317E-4,0.01445,0.04755,0.01312,0.007124,0.02582,0.01726,0.4319,0.4317,
1.247,0.1547,0.006144,0.004263,6.317E-4,0.01445,0.04755,0.01312,0.007124,0.02597,0.01711,0.4319,0.4317,
1.247,0.1413,0.006135,0.004272,6.317E-4,0.01445,0.04755,0.01312,0.007124,0.02629,0.01669,0.432,0.4317,
1.246,0.1307,0.006103,0.004267,6.31E-4,0.01442,0.04759,0.01308,0.007124,0.02658,0.01629,0.4322,0.4317,
1.244,0.1285,0.0061,0.004261,6.344E-4,0.01441,0.05018,0.01047,0.007121,0.02665,0.01683,0.4318,0.4316,
1.247,0.1574,0.006094,0.004257,6.338E-4,0.0144,0.05013,0.01046,0.0072,0.02673,0.01765,0.4313,0.4311,
1.249,0.1544,0.006089,0.004254,6.333E-4,0.01439,0.05009,0.01045,0.007195,0.0267,0.0184,0.431,0.4308,
1.248,0.1456,0.006035,0.004248,6.444E-4,0.01444,0.05014,0.01041,0.007196,0.02679,0.01816,0.4311,0.4309,
1.248,0.1443,0.006036,0.004243,6.5E-4,0.01444,0.05019,0.01037,0.00724,0.02675,0.01807,0.4311,0.4309,
1.248,0.1337,0.006021,0.004252,6.56E-4,0.01444,0.05019,0.01037,0.007312,0.02668,0.01807,0.4311,0.4309,
1.248,0.1297,0.006017,0.004257,6.561E-4,0.01444,0.05024,0.01042,0.007214,0.0268,0.01784,0.4312,0.4309,
1.248,0.1229,0.006017,0.004257,6.561E-4,0.01444,0.05024,0.01042,0.007272,0.02674,0.01784,0.4312,0.4309,
1.248,0.125,0.006017,0.004257,6.561E-4,0.01444,0.05028,0.01041,0.007244,0.02707,0.01751,0.4312,0.4309,
1.247,0.1308,0.005924,0.004251,6.616E-4,0.01453,0.05036,0.01041,0.007159,0.02719,0.0174,0.4312,0.4309,
1.249,0.1281,0.00592,0.004249,6.612E-4,0.01453,0.05037,0.01036,0.007279,0.02704,0.01804,0.4309,0.4307,
1.249,0.1491,0.005912,0.004257,6.612E-4,0.01453,0.05037,0.01039,0.007347,0.02707,0.01791,0.4309,0.4307,
1.25,0.142,0.005896,0.00427,6.61E-4,0.01452,0.05038,0.01037,0.007345,0.02772,0.01757,0.4307,0.4305,
1.249,0.1326,0.005882,0.004265,6.719E-4,0.01449,0.05047,0.01028,0.007345,0.02799,0.01729,0.4308,0.4305,
1.248,0.1315,0.005748,0.004284,6.72E-4,0.01461,0.05061,0.01017,0.007319,0.02826,0.01679,0.4309,0.4307,
1.252,0.1292,0.005694,0.004317,6.787E-4,0.0146,0.05059,0.01012,0.00731,0.02826,0.01805,0.4303,0.4301,
1.252,0.1342,0.005688,0.004317,6.786E-4,0.01456,0.05058,0.01012,0.007309,0.02843,0.01805,0.4302,0.43,
1.253,0.131,0.005685,0.004315,6.782E-4,0.01455,0.0506,0.01023,0.007146,0.02879,0.01818,0.43,0.4298,
1.253,0.176,0.005685,0.004312,6.813E-4,0.01455,0.05069,0.01017,0.007181,0.02872,0.01818,0.43,0.4298,
1.254,0.1747,0.00568,0.004317,6.813E-4,0.01455,0.05075,0.01011,0.007216,0.02899,0.01804,0.4299,0.4298,
1.255,0.1625,0.005623,0.004333,6.809E-4,0.01458,0.05072,0.0101,0.007211,0.02908,0.01834,0.4298,0.4296,
1.255,0.2098,0.005607,0.00435,6.809E-4,0.01458,0.05077,0.01006,0.007343,0.02929,0.01799,0.4298,0.4296,
1.257,0.1546,0.005529,0.004343,6.803E-4,0.0146,0.05077,0.01004,0.007336,0.02922,0.01898,0.4294,0.4291,
1.258,0.1509,0.005485,0.004326,6.838E-4,0.01462,0.05089,0.009903,0.007456,0.02939,0.01922,0.429,0.429,
1.261,0.1636,0.005472,0.004334,6.861E-4,0.01462,0.05088,0.009902,0.0105,0.02642,0.01899,0.4293,0.4289,
1.264,0.1509,0.005402,0.004338,6.855E-4,0.01466,0.05088,0.009907,0.01044,0.02648,0.01988,0.4288,0.4286,
1.263,0.1456,0.00539,0.004345,6.856E-4,0.01463,0.05089,0.009909,0.01051,0.02642,0.01975,0.4288,0.4286,
1.263,0.1402,0.005369,0.004366,6.856E-4,0.01463,0.05106,0.009734,0.01061,0.02711,0.01896,0.4288,0.4286,
1.263,0.1762,0.005369,0.004366,6.856E-4,0.01463,0.05106,0.009734,0.01061,0.02743,0.01864,0.4288,0.4286,
1.259,0.1619,0.00536,0.004375,6.856E-4,0.01463,0.05106,0.01612,0.00422,0.02753,0.01854,0.4288,0.4286,
1.259,0.1725,0.00536,0.004375,6.856E-4,0.01463,0.0511,0.01618,0.004196,0.02764,0.01836,0.4288,0.4286,
1.264,0.138,0.00533,0.004388,6.844E-4,0.01461,0.05108,0.01608,0.004293,0.02789,0.01973,0.4281,0.4279,
1.265,0.1327,0.00533,0.004388,6.844E-4,0.01461,0.05121,0.01599,0.00425,0.02802,0.01993,0.4277,0.4279,
1.264,0.1391,0.005328,0.004387,6.842E-4,0.0146,0.05122,0.01612,0.004195,0.02791,0.01984,0.428,0.4278,
1.264,0.1402,0.005328,0.004385,6.864E-4,0.0146,0.0513,0.01603,0.004281,0.02805,0.01961,0.428,0.4278,
1.264,0.1433,0.005328,0.004385,6.864E-4,0.0146,0.05139,0.01595,0.004281,0.02805,0.01961,0.428,0.4278,
1.264,0.1327,0.005328,0.004378,6.93E-4,0.0146,0.0515,0.01584,0.004281,0.02816,0.0195,0.428,0.4278,
1.263,0.1365,0.005313,0.004393,6.93E-4,0.0146,0.05177,0.0156,0.004296,0.02874,0.01888,0.428,0.4278,
1.263,0.1346,0.005312,0.004384,7.002E-4,0.01457,0.05181,0.01586,0.004032,0.02906,0.01852,0.428,0.4278,
1.263,0.1354,0.005312,0.004356,7.285E-4,0.01457,0.05204,0.01564,0.004068,0.0292,0.01834,0.428,0.4278,
1.262,0.1369,0.005312,0.004356,7.285E-4,0.01457,0.05225,0.0155,0.004088,0.02935,0.01809,0.428,0.4278,
1.265,0.1401,0.005267,0.00434,7.422E-4,0.01461,0.05236,0.01542,0.004036,0.02934,0.01897,0.4273,0.4276,
1.264,0.1393,0.005254,0.004348,7.419E-4,0.0146,0.05253,0.01522,0.004034,0.02945,0.01884,0.4276,0.4274,
1.265,0.1367,0.005241,0.004361,7.419E-4,0.0146,0.05261,0.01513,0.004034,0.02945,0.01904,0.4274,0.4274,
1.263,0.1448,0.005207,0.004395,7.42E-4,0.01457,0.05271,0.01505,0.004123,0.02941,0.01849,0.4278,0.4275,
1.263,0.1505,0.005208,0.004389,7.49E-4,0.01457,0.05289,0.01498,0.004177,0.02959,0.01817,0.4277,0.4275,
1.265,0.1351,0.005205,0.004382,7.528E-4,0.01457,0.0529,0.01492,0.004218,0.0296,0.0187,0.4275,0.4273,
1.265,0.1357,0.005205,0.004356,7.789E-4,0.01457,0.05303,0.01479,0.004218,0.02967,0.01863,0.4275,0.4273,
1.267,0.1415,0.005201,0.004339,7.927E-4,0.01456,0.05473,0.01305,0.004258,0.02973,0.01998,0.4264,0.427,
1.267,0.1474,0.005164,0.004341,7.919E-4,0.01457,0.05475,0.01296,0.00434,0.02984,0.01989,0.4268,0.4266,
1.267,0.1465,0.005163,0.004333,7.977E-4,0.01456,0.05478,0.01291,0.004381,0.02986,0.02008,0.4267,0.4265,
1.267,0.1473,0.005145,0.004352,7.977E-4,0.01456,0.05482,0.01291,0.004439,0.03001,0.01982,0.4267,0.4265,
1.267,0.1466,0.005139,0.004357,7.977E-4,0.01456,0.05482,0.01291,0.004439,0.03023,0.0196,0.4267,0.4265,
1.268,0.1473,0.005133,0.00436,7.974E-4,0.01456,0.05499,0.01272,0.004437,0.03033,0.01985,0.4265,0.4263,
1.268,0.1485,0.005106,0.004387,7.974E-4,0.01456,0.05504,0.01273,0.004387,0.03049,0.0197,0.4265,0.4263,
1.26,0.1394,0.005069,0.004408,7.961E-4,0.01453,0.06164,0.006008,0.00438,0.03057,0.02121,0.4258,0.4256,
1.26,0.1384,0.005069,0.004408,7.961E-4,0.01453,0.06164,0.006008,0.00438,0.03068,0.0211,0.4258,0.4256,
1.261,0.138,0.005042,0.004435,7.961E-4,0.01453,0.06164,0.006054,0.004436,0.03057,0.02143,0.4255,0.4256,
1.26,0.1415,0.00504,0.004434,7.958E-4,0.01453,0.06172,0.006015,0.004378,0.03116,0.02082,0.4257,0.4254,
1.26,0.1319,0.004967,0.004437,7.959E-4,0.01456,0.06176,0.006,0.004351,0.0312,0.02078,0.4257,0.4255,
1.256,0.1318,0.004962,0.004442,7.959E-4,0.01456,0.0634,0.004358,0.004351,0.0317,0.02029,0.4257,0.4255,
1.255,0.1304,0.004956,0.004447,7.959E-4,0.01456,0.06345,0.004315,0.004351,0.03178,0.02021,0.4257,0.4255,
1.256,0.1307,0.004954,0.004446,7.956E-4,0.01456,0.06355,0.004188,0.004349,0.03182,0.02055,0.4255,0.4253,
1.256,0.1618,0.004942,0.004437,7.978E-4,0.01454,0.06359,0.004145,0.004406,0.03176,0.02055,0.4255,0.4253,
1.256,0.1527,0.004919,0.004425,7.969E-4,0.01454,0.06359,0.004145,0.004469,0.03195,0.0203,0.4255,0.4253,
1.257,0.1518,0.004878,0.004462,7.966E-4,0.01454,0.06361,0.004101,0.004527,0.03205,0.02053,0.4254,0.4252,
1.257,0.1532,0.004866,0.00447,8.005E-4,0.01454,0.06361,0.004101,0.004613,0.03267,0.01982,0.4254,0.4252,
1.257,0.1544,0.004866,0.00447,8.005E-4,0.01454,0.06367,0.004105,0.004621,0.03275,0.01966,0.4254,0.4252,
1.255,0.1563,0.004861,0.004475,8.005E-4,0.01454,0.06404,0.00378,0.004578,0.03287,0.01954,0.4254,0.4252,
1.258,0.1473,0.004849,0.004481,8.0E-4,0.01453,0.06416,0.003619,0.004576,0.03289,0.02049,0.4247,0.4249,
1.262,0.1572,0.004809,0.00448,7.997E-4,0.01456,0.06414,0.003618,0.007321,0.03014,0.02048,0.4249,0.4247,
1.263,0.1546,0.004807,0.004478,7.997E-4,0.01453,0.06418,0.003575,0.007321,0.03041,0.02054,0.4246,0.4247,
1.263,0.1653,0.004786,0.004496,7.995E-4,0.01452,0.06416,0.003574,0.007387,0.0305,0.02036,0.4248,0.4246,
1.264,0.1373,0.004784,0.004494,7.991E-4,0.01452,0.06413,0.003629,0.007412,0.03059,0.02062,0.4246,0.4244,
1.269,0.1782,0.004782,0.004493,7.988E-4,0.01451,0.06423,0.003503,0.01133,0.02666,0.02094,0.4245,0.4243,
1.269,0.1656,0.004782,0.004493,7.988E-4,0.01451,0.06428,0.003551,0.01133,0.02657,0.02085,0.4246,0.4243,
1.269,0.1681,0.004764,0.004511,7.989E-4,0.01451,0.06428,0.003551,0.01143,0.02648,0.02086,0.4245,0.4243,
1.269,0.164,0.004764,0.004511,7.989E-4,0.01451,0.06428,0.003732,0.01136,0.02649,0.02074,0.4245,0.4243,
1.27,0.1836,0.004758,0.004496,8.176E-4,0.01451,0.06431,0.003732,0.01139,0.0264,0.02103,0.4244,0.4242,
1.27,0.1785,0.004758,0.004496,8.176E-4,0.01451,0.06431,0.003732,0.01142,0.02649,0.02091,0.4244,0.4242,
1.27,0.1778,0.004758,0.004496,8.176E-4,0.01451,0.06431,0.003775,0.01143,0.02643,0.02091,0.4244,0.4242,
1.27,0.1746,0.004758,0.004492,8.212E-4,0.01451,0.06431,0.003775,0.0115,0.02671,0.02056,0.4244,0.4242,
1.27,0.1628,0.004754,0.004498,8.213E-4,0.01451,0.06432,0.003775,0.0116,0.02662,0.02042,0.4244,0.4242,
1.27,0.1433,0.004754,0.004498,8.213E-4,0.01451,0.06432,0.003775,0.01173,0.02649,0.02042,0.4244,0.4242,
1.271,0.1437,0.004739,0.004504,8.248E-4,0.0145,0.06428,0.003826,0.01177,0.02657,0.02074,0.4242,0.424,
1.272,0.1396,0.004738,0.004496,8.309E-4,0.0145,0.06431,0.00378,0.01181,0.02653,0.02096,0.4241,0.4239,
1.273,0.1571,0.004714,0.004516,8.359E-4,0.0145,0.06436,0.003737,0.01185,0.02698,0.02087,0.4237,0.4239,
1.273,0.1408,0.00471,0.004509,8.389E-4,0.01449,0.0644,0.003692,0.0118,0.02708,0.02104,0.4238,0.4236,
1.273,0.1416,0.00471,0.004509,8.389E-4,0.01449,0.06443,0.003743,0.01177,0.02707,0.02099,0.4238,0.4236,
1.273,0.1566,0.00471,0.004509,8.389E-4,0.01449,0.06443,0.00377,0.01187,0.02728,0.02065,0.4238,0.4236,
1.275,0.149,0.0047,0.004521,8.39E-4,0.01449,0.06448,0.003729,0.01187,0.02757,0.02113,0.423,0.4237,
1.275,0.1407,0.004696,0.004517,8.383E-4,0.01448,0.06442,0.00378,0.01185,0.02772,0.02089,0.4235,0.4233,
1.277,0.1417,0.004691,0.00451,8.408E-4,0.01447,0.0644,0.003738,0.01188,0.02789,0.02153,0.4231,0.4229,
1.277,0.1425,0.004523,0.00451,8.408E-4,0.01464,0.0644,0.003772,0.01185,0.02817,0.02124,0.4231,0.4229,
1.278,0.1445,0.004522,0.004503,8.441E-4,0.0146,0.06438,0.003841,0.01184,0.02857,0.02112,0.423,0.4228,
1.278,0.1506,0.004514,0.004504,8.442E-4,0.01457,0.06456,0.003783,0.01173,0.02861,0.02129,0.4228,0.4228,
1.277,0.1467,0.004514,0.004504,8.442E-4,0.01457,0.06456,0.003783,0.01185,0.02885,0.02069,0.423,0.4228,
1.281,0.1867,0.004508,0.004499,8.431E-4,0.01455,0.06447,0.003778,0.01192,0.02896,0.02173,0.4225,0.4223,
1.28,0.1449,0.004469,0.004503,8.431E-4,0.01459,0.06454,0.003778,0.01185,0.0292,0.02149,0.4225,0.4223,
1.28,0.1506,0.00447,0.004499,8.475E-4,0.01459,0.06455,0.003779,0.01191,0.02946,0.02105,0.4225,0.4223,
1.281,0.1484,0.004463,0.004502,8.471E-4,0.01458,0.06452,0.003871,0.0119,0.0294,0.02144,0.4223,0.4221,
1.282,0.1576,0.004445,0.004511,8.524E-4,0.01457,0.0645,0.003869,0.0119,0.02949,0.02174,0.4222,0.422,
1.282,0.1578,0.004445,0.004511,8.524E-4,0.01457,0.06454,0.00388,0.01185,0.02953,0.0217,0.4222,0.422,
1.282,0.1471,0.004445,0.004511,8.524E-4,0.01457,0.06457,0.003888,0.0118,0.02961,0.02161,0.4222,0.422,
1.283,0.1689,0.004396,0.004515,8.522E-4,0.01461,0.06459,0.003853,0.0118,0.02965,0.02179,0.4221,0.4219,
1.282,0.1633,0.004391,0.004519,8.522E-4,0.01458,0.06462,0.003859,0.01177,0.02974,0.02158,0.4222,0.4219,
1.282,0.1613,0.004392,0.00452,8.524E-4,0.01458,0.06471,0.003817,0.01173,0.03025,0.02101,0.4222,0.422,
1.281,0.1494,0.004392,0.00452,8.524E-4,0.01458,0.06476,0.003775,0.01173,0.03041,0.02085,0.4222,0.422,
1.281,0.164,0.004388,0.004523,8.524E-4,0.01458,0.0648,0.003732,0.01177,0.03038,0.02085,0.4222,0.422,
1.282,0.1453,0.004378,0.00453,8.521E-4,0.01458,0.06478,0.003731,0.01181,0.0304,0.02111,0.422,0.4218,
1.282,0.1477,0.004378,0.00453,8.521E-4,0.01458,0.06481,0.003695,0.01187,0.03085,0.0206,0.422,0.4218,
1.281,0.1929,0.004345,0.004528,8.522E-4,0.01458,0.06485,0.003661,0.0119,0.03101,0.02022,0.4222,0.4219,
1.281,0.1818,0.004345,0.00451,8.716E-4,0.01458,0.06486,0.003662,0.01191,0.03102,0.02022,0.4221,0.4219,
1.282,0.1759,0.004339,0.004508,8.792E-4,0.01458,0.0649,0.003662,0.01192,0.03096,0.02049,0.4218,0.4219,
1.282,0.1763,0.004335,0.004498,8.844E-4,0.01454,0.06525,0.003274,0.01214,0.03072,0.02072,0.422,0.4217,
1.282,0.1547,0.004336,0.004491,8.915E-4,0.01454,0.06526,0.003274,0.01218,0.03083,0.02057,0.4219,0.4217,
1.282,0.1509,0.004331,0.004496,8.915E-4,0.01454,0.06526,0.003362,0.01209,0.03117,0.02024,0.4219,0.4217,
1.282,0.1446,0.004331,0.004496,8.915E-4,0.01454,0.0653,0.003432,0.01198,0.0313,0.02011,0.4219,0.4217,
1.281,0.1886,0.004318,0.004479,9.213E-4,0.01454,0.06539,0.003345,0.01198,0.03141,0.01999,0.4219,0.4217,
1.283,0.1502,0.004308,0.004461,9.487E-4,0.01454,0.06543,0.00385,0.01151,0.03148,0.02008,0.4217,0.4217,
1.282,0.1681,0.004308,0.004452,9.576E-4,0.01454,0.06542,0.003849,0.01151,0.03215,0.01931,0.4219,0.4216,
